world,nodeLocation,NID,PARENTID,pathFromParent,depth,N,S,stepsFromRoot,isLeaf,nodeValue,nodeEP,blackremains,cellDistances
Equal_2vs5_mirror,"(2, 4)",N86472,NA,,0,0,0,0,FALSE,0,0,7,
Equal_2vs5_mirror,"(4, 4)",N73070,N86472,"p(2, 4);p(3, 4);p(4, 4);",0,2,2,2,FALSE,0,0,5,"1, 2"
Equal_2vs5_mirror,"(0, 1)",N12601,N86472,"p(2, 4);p(2, 3);p(2, 2);p(2, 1);p(1, 1);p(0, 1);",0,5,5,5,FALSE,0,0,2,"1, 1, 2, 3, 4"
Equal_2vs5_mirror,"(0, 1)",N87470,N73070,"p(4, 4);p(3, 4);p(2, 4);p(2, 3);p(2, 2);p(2, 1);p(1, 1);p(0, 1);",0,5,7,9,TRUE,0,0,0,"1, 1, 2, 3, 4"
Equal_2vs5_mirror,"(4, 4)",N13598,N12601,"p(0, 1);p(1, 1);p(2, 1);p(2, 2);p(2, 3);p(2, 4);p(3, 4);p(4, 4);",0,2,7,12,TRUE,0,0,0,"1, 2"
3ways_2_mirror,"(3, 6)",N20537,NA,,0,0,0,0,FALSE,0,0,7,
3ways_2_mirror,"(5, 6)",N61048,N20537,"p(3, 6);p(4, 6);p(5, 6);",0,1,2,2,FALSE,0,0,6,1
3ways_2_mirror,"(5, 1)",N53349,N20537,"p(3, 6);p(3, 5);p(3, 4);p(3, 3);p(3, 2);p(3, 1);p(4, 1);p(5, 1);",0,2,7,7,FALSE,0,0,5,"1, 2"
3ways_2_mirror,"(1, 1)",N38759,N20537,"p(3, 6);p(3, 5);p(3, 4);p(3, 3);p(3, 2);p(3, 1);p(2, 1);p(1, 1);",0,4,7,7,FALSE,0,0,3,"1, 1, 2, 2"
3ways_2_mirror,"(5, 1)",N31028,N61048,"p(5, 6);p(4, 6);p(3, 6);p(3, 5);p(3, 4);p(3, 3);p(3, 2);p(3, 1);p(4, 1);p(5, 1);",0,2,9,11,FALSE,0,0,4,"1, 2"
3ways_2_mirror,"(1, 1)",N14684,N61048,"p(5, 6);p(4, 6);p(3, 6);p(3, 5);p(3, 4);p(3, 3);p(3, 2);p(3, 1);p(2, 1);p(1, 1);",0,4,9,11,FALSE,0,0,2,"1, 1, 2, 2"
3ways_2_mirror,"(1, 1)",N22906,N53349,"p(5, 1);p(4, 1);p(3, 1);p(2, 1);p(1, 1);",0,4,4,11,FALSE,0,0,1,"1, 1, 2, 2"
3ways_2_mirror,"(5, 6)",N23735,N53349,"p(5, 1);p(4, 1);p(3, 1);p(3, 2);p(3, 3);p(3, 4);p(3, 5);p(3, 6);p(4, 6);p(5, 6);",0,1,9,16,FALSE,0,0,4,1
3ways_2_mirror,"(5, 1)",N26939,N38759,"p(1, 1);p(2, 1);p(3, 1);p(4, 1);p(5, 1);",0,2,4,11,FALSE,0,0,1,"1, 2"
3ways_2_mirror,"(5, 6)",N82844,N38759,"p(1, 1);p(2, 1);p(3, 1);p(3, 2);p(3, 3);p(3, 4);p(3, 5);p(3, 6);p(4, 6);p(5, 6);",0,1,9,16,FALSE,0,0,2,1
3ways_2_mirror,"(1, 1)",N59813,N31028,"p(5, 1);p(4, 1);p(3, 1);p(2, 1);p(1, 1);",0,4,4,15,TRUE,0,0,0,"1, 1, 2, 2"
3ways_2_mirror,"(5, 1)",N77401,N14684,"p(1, 1);p(2, 1);p(3, 1);p(4, 1);p(5, 1);",0,2,4,15,TRUE,0,0,0,"1, 2"
3ways_2_mirror,"(5, 6)",N75958,N22906,"p(1, 1);p(2, 1);p(3, 1);p(3, 2);p(3, 3);p(3, 4);p(3, 5);p(3, 6);p(4, 6);p(5, 6);",0,1,9,20,TRUE,0,0,0,1
3ways_2_mirror,"(1, 1)",N41337,N23735,"p(5, 6);p(4, 6);p(3, 6);p(3, 5);p(3, 4);p(3, 3);p(3, 2);p(3, 1);p(2, 1);p(1, 1);",0,4,9,25,TRUE,0,0,0,"1, 1, 2, 2"
3ways_2_mirror,"(5, 6)",N79545,N26939,"p(5, 1);p(4, 1);p(3, 1);p(3, 2);p(3, 3);p(3, 4);p(3, 5);p(3, 6);p(4, 6);p(5, 6);",0,1,9,20,TRUE,0,0,0,1
3ways_2_mirror,"(5, 1)",N99628,N82844,"p(5, 6);p(4, 6);p(3, 6);p(3, 5);p(3, 4);p(3, 3);p(3, 2);p(3, 1);p(4, 1);p(5, 1);",0,2,9,25,TRUE,0,0,0,"1, 2"
Equal_10vs2_mirror,"(2, 7)",N74542,NA,,0,0,0,0,FALSE,0,0,11,
Equal_10vs2_mirror,"(2, 9)",N84331,N74542,"p(2, 7);p(2, 8);p(2, 9);",0,2,2,2,FALSE,0,0,9,"1, 2"
Equal_10vs2_mirror,"(3, 2)",N25495,N74542,"p(2, 7);p(2, 6);p(2, 5);p(3, 5);p(4, 5);p(5, 5);p(5, 4);p(5, 3);p(5, 2);p(4, 2);p(3, 2);",0,9,10,10,FALSE,0,0,2,"1, 1, 2, 2, 2, 3, 3, 3, 4"
Equal_10vs2_mirror,"(3, 2)",N86782,N84331,"p(2, 9);p(2, 8);p(2, 7);p(2, 6);p(2, 5);p(3, 5);p(4, 5);p(5, 5);p(5, 4);p(5, 3);p(5, 2);p(4, 2);p(3, 2);",0,9,12,14,TRUE,0,0,0,"1, 1, 2, 2, 2, 3, 3, 3, 4"
Equal_10vs2_mirror,"(2, 9)",N66079,N25495,"p(3, 2);p(4, 2);p(5, 2);p(5, 3);p(5, 4);p(5, 5);p(4, 5);p(3, 5);p(2, 5);p(2, 6);p(2, 7);p(2, 8);p(2, 9);",0,2,12,22,TRUE,0,0,0,"1, 2"
6vs1_2_mirror,"(2, 6)",N96941,NA,,0,0,0,0,FALSE,0,0,7,
6vs1_2_mirror,"(6, 6)",N61632,N96941,"p(2, 6);p(3, 6);p(4, 6);p(5, 6);p(6, 6);",0,1,4,4,FALSE,0,0,6,1
6vs1_2_mirror,"(3, 2)",N99612,N96941,"p(2, 6);p(1, 6);p(0, 6);p(0, 5);p(0, 4);p(0, 3);p(0, 2);p(1, 2);p(2, 2);p(3, 2);",0,6,9,9,FALSE,0,0,1,"1, 1, 2, 2, 2, 2"
6vs1_2_mirror,"(3, 2)",N56542,N61632,"p(6, 6);p(5, 6);p(4, 6);p(3, 6);p(2, 6);p(1, 6);p(0, 6);p(0, 5);p(0, 4);p(0, 3);p(0, 2);p(1, 2);p(2, 2);p(3, 2);",0,6,13,17,TRUE,0,0,0,"1, 1, 2, 2, 2, 2"
6vs1_2_mirror,"(6, 6)",N69284,N99612,"p(3, 2);p(2, 2);p(1, 2);p(0, 2);p(0, 3);p(0, 4);p(0, 5);p(0, 6);p(1, 6);p(2, 6);p(3, 6);p(4, 6);p(5, 6);p(6, 6);",0,1,13,22,TRUE,0,0,0,1
Equal_10vs2,"(3, 7)",N92580,NA,,0,0,0,0,FALSE,0,0,11,
Equal_10vs2,"(3, 9)",N16553,N92580,"p(3, 7);p(3, 8);p(3, 9);",0,2,2,2,FALSE,0,0,9,"1, 2"
Equal_10vs2,"(2, 2)",N51698,N92580,"p(3, 7);p(3, 6);p(3, 5);p(2, 5);p(1, 5);p(0, 5);p(0, 4);p(0, 3);p(0, 2);p(1, 2);p(2, 2);",0,9,10,10,FALSE,0,0,2,"1, 1, 2, 2, 2, 3, 3, 3, 4"
Equal_10vs2,"(2, 2)",N34267,N16553,"p(3, 9);p(3, 8);p(3, 7);p(3, 6);p(3, 5);p(2, 5);p(1, 5);p(0, 5);p(0, 4);p(0, 3);p(0, 2);p(1, 2);p(2, 2);",0,9,12,14,TRUE,0,0,0,"1, 1, 2, 2, 2, 3, 3, 3, 4"
Equal_10vs2,"(3, 9)",N16360,N51698,"p(2, 2);p(1, 2);p(0, 2);p(0, 3);p(0, 4);p(0, 5);p(1, 5);p(2, 5);p(3, 5);p(3, 6);p(3, 7);p(3, 8);p(3, 9);",0,2,12,22,TRUE,0,0,0,"1, 2"
Equal_6vs3,"(4, 4)",N93546,NA,,0,0,0,0,FALSE,0,0,9,
Equal_6vs3,"(4, 7)",N45994,N93546,"p(4, 4);p(4, 5);p(4, 6);p(4, 7);",0,3,3,3,FALSE,0,0,6,"1, 1, 2"
Equal_6vs3,"(1, 2)",N73133,N93546,"p(4, 4);p(4, 3);p(4, 2);p(3, 2);p(2, 2);p(1, 2);",0,6,5,5,FALSE,0,0,3,"1, 1, 2, 2, 2, 2"
Equal_6vs3,"(1, 2)",N43809,N45994,"p(4, 7);p(4, 6);p(4, 5);p(4, 4);p(4, 3);p(4, 2);p(3, 2);p(2, 2);p(1, 2);",0,6,8,11,TRUE,0,0,0,"1, 1, 2, 2, 2, 2"
Equal_6vs3,"(4, 7)",N15365,N73133,"p(1, 2);p(2, 2);p(3, 2);p(4, 2);p(4, 3);p(4, 4);p(4, 5);p(4, 6);p(4, 7);",0,3,8,13,TRUE,0,0,0,"1, 1, 2"
Loop_2_mirror,"(0, 3)",N90706,NA,,0,0,0,0,FALSE,0,0,7,
Loop_2_mirror,"(0, 0)",N65692,N90706,"p(0, 3);p(0, 2);p(0, 1);p(0, 0);",0,1,3,3,FALSE,0,0,6,1
Loop_2_mirror,"(2, 0)",N52431,N90706,"p(0, 3);p(1, 3);p(2, 3);p(2, 2);p(2, 1);p(2, 0);",0,1,5,5,FALSE,0,0,6,1
Loop_2_mirror,"(6, 1)",N61240,N90706,"p(0, 3);p(1, 3);p(2, 3);p(2, 2);p(2, 1);p(3, 1);p(4, 1);p(5, 1);p(6, 1);",0,6,8,8,FALSE,0,0,1,"1, 1, 2, 2, 2, 3"
Loop_2_mirror,"(6, 1)",N85926,N65692,"p(0, 0);p(1, 0);p(2, 0);p(2, 1);p(3, 1);p(4, 1);p(5, 1);p(6, 1);",0,6,7,10,TRUE,0,0,0,"1, 1, 2, 2, 2, 3"
Loop_2_mirror,"(6, 1)",N74790,N52431,"p(2, 0);p(2, 1);p(3, 1);p(4, 1);p(5, 1);p(6, 1);",0,6,5,10,TRUE,0,0,0,"1, 1, 2, 2, 2, 3"
Loop_2_mirror,"(2, 0)",N96236,N61240,"p(6, 1);p(5, 1);p(4, 1);p(3, 1);p(2, 1);p(2, 0);",0,1,5,13,TRUE,0,0,0,1
Loop_2_mirror,"(0, 0)",N87785,N61240,"p(6, 1);p(5, 1);p(4, 1);p(3, 1);p(2, 1);p(2, 2);p(2, 3);p(1, 3);p(0, 3);p(0, 2);p(0, 1);p(0, 0);",0,1,11,19,TRUE,0,0,0,1
Equal_4vs2,"(1, 0)",N25436,NA,,0,0,0,0,FALSE,0,0,6,
Equal_4vs2,"(1, 2)",N93213,N25436,"p(1, 0);p(1, 1);p(1, 2);",0,2,2,2,FALSE,0,0,4,"1, 1"
Equal_4vs2,"(4, 0)",N46529,N25436,"p(1, 0);p(2, 0);p(3, 0);p(4, 0);",0,4,3,3,FALSE,0,0,2,"1, 2, 2, 3"
Equal_4vs2,"(4, 0)",N35816,N93213,"p(1, 2);p(1, 1);p(1, 0);p(2, 0);p(3, 0);p(4, 0);",0,4,5,7,TRUE,0,0,0,"1, 2, 2, 3"
Equal_4vs2,"(1, 2)",N84047,N46529,"p(4, 0);p(3, 0);p(2, 0);p(1, 0);p(1, 1);p(1, 2);",0,2,5,8,TRUE,0,0,0,"1, 1"
4ways,"(2, 6)",N39711,NA,,0,0,0,0,FALSE,0,0,9,
4ways,"(0, 6)",N75328,N39711,"p(2, 6);p(1, 6);p(0, 6);",0,1,2,2,FALSE,0,0,8,1
4ways,"(4, 4)",N96243,N39711,"p(2, 6);p(2, 5);p(2, 4);p(3, 4);p(4, 4);",0,1,4,4,FALSE,0,0,8,1
4ways,"(4, 1)",N28397,N39711,"p(2, 6);p(2, 5);p(2, 4);p(2, 3);p(2, 2);p(2, 1);p(3, 1);p(4, 1);",0,4,7,7,FALSE,0,0,5,"1, 1, 2, 2"
4ways,"(0, 1)",N48992,N39711,"p(2, 6);p(2, 5);p(2, 4);p(2, 3);p(2, 2);p(2, 1);p(1, 1);p(0, 1);",0,2,7,7,FALSE,0,0,7,"1, 2"
4ways,"(4, 4)",N26976,N75328,"p(0, 6);p(1, 6);p(2, 6);p(2, 5);p(2, 4);p(3, 4);p(4, 4);",0,1,6,8,FALSE,0,0,7,1
4ways,"(4, 1)",N53690,N75328,"p(0, 6);p(1, 6);p(2, 6);p(2, 5);p(2, 4);p(2, 3);p(2, 2);p(2, 1);p(3, 1);p(4, 1);",0,4,9,11,FALSE,0,0,4,"1, 1, 2, 2"
4ways,"(0, 1)",N85228,N75328,"p(0, 6);p(1, 6);p(2, 6);p(2, 5);p(2, 4);p(2, 3);p(2, 2);p(2, 1);p(1, 1);p(0, 1);",0,2,9,11,FALSE,0,0,6,"1, 2"
4ways,"(4, 5)",N32798,N96243,"p(4, 4);p(4, 5);",0,1,1,5,FALSE,0,0,7,1
4ways,"(0, 6)",N91530,N96243,"p(4, 4);p(3, 4);p(2, 4);p(2, 5);p(2, 6);p(1, 6);p(0, 6);",0,1,6,10,FALSE,0,0,7,1
4ways,"(4, 1)",N88542,N96243,"p(4, 4);p(3, 4);p(2, 4);p(2, 3);p(2, 2);p(2, 1);p(3, 1);p(4, 1);",0,4,7,11,FALSE,0,0,4,"1, 1, 2, 2"
4ways,"(0, 1)",N68171,N96243,"p(4, 4);p(3, 4);p(2, 4);p(2, 3);p(2, 2);p(2, 1);p(1, 1);p(0, 1);",0,2,7,11,FALSE,0,0,6,"1, 2"
4ways,"(0, 1)",N27336,N28397,"p(4, 1);p(3, 1);p(2, 1);p(1, 1);p(0, 1);",0,2,4,11,FALSE,0,0,3,"1, 2"
4ways,"(4, 4)",N21554,N28397,"p(4, 1);p(3, 1);p(2, 1);p(2, 2);p(2, 3);p(2, 4);p(3, 4);p(4, 4);",0,1,7,14,FALSE,0,0,4,1
4ways,"(0, 6)",N26319,N28397,"p(4, 1);p(3, 1);p(2, 1);p(2, 2);p(2, 3);p(2, 4);p(2, 5);p(2, 6);p(1, 6);p(0, 6);",0,1,9,16,FALSE,0,0,4,1
4ways,"(4, 1)",N60447,N48992,"p(0, 1);p(1, 1);p(2, 1);p(3, 1);p(4, 1);",0,4,4,11,FALSE,0,0,3,"1, 1, 2, 2"
4ways,"(4, 4)",N61169,N48992,"p(0, 1);p(1, 1);p(2, 1);p(2, 2);p(2, 3);p(2, 4);p(3, 4);p(4, 4);",0,1,7,14,FALSE,0,0,6,1
4ways,"(0, 6)",N29748,N48992,"p(0, 1);p(1, 1);p(2, 1);p(2, 2);p(2, 3);p(2, 4);p(2, 5);p(2, 6);p(1, 6);p(0, 6);",0,1,9,16,FALSE,0,0,6,1
4ways,"(4, 5)",N20811,N26976,"p(4, 4);p(4, 5);",0,1,1,9,FALSE,0,0,6,1
4ways,"(4, 1)",N25416,N26976,"p(4, 4);p(3, 4);p(2, 4);p(2, 3);p(2, 2);p(2, 1);p(3, 1);p(4, 1);",0,4,7,15,FALSE,0,0,3,"1, 1, 2, 2"
4ways,"(0, 1)",N38655,N26976,"p(4, 4);p(3, 4);p(2, 4);p(2, 3);p(2, 2);p(2, 1);p(1, 1);p(0, 1);",0,2,7,15,FALSE,0,0,5,"1, 2"
4ways,"(0, 1)",N67505,N53690,"p(4, 1);p(3, 1);p(2, 1);p(1, 1);p(0, 1);",0,2,4,15,FALSE,0,0,2,"1, 2"
4ways,"(4, 4)",N81529,N53690,"p(4, 1);p(3, 1);p(2, 1);p(2, 2);p(2, 3);p(2, 4);p(3, 4);p(4, 4);",0,1,7,18,FALSE,0,0,3,1
4ways,"(4, 1)",N55441,N85228,"p(0, 1);p(1, 1);p(2, 1);p(3, 1);p(4, 1);",0,4,4,15,FALSE,0,0,2,"1, 1, 2, 2"
4ways,"(4, 4)",N95080,N85228,"p(0, 1);p(1, 1);p(2, 1);p(2, 2);p(2, 3);p(2, 4);p(3, 4);p(4, 4);",0,1,7,18,FALSE,0,0,5,1
4ways,"(0, 6)",N22474,N32798,"p(4, 5);p(4, 4);p(3, 4);p(2, 4);p(2, 5);p(2, 6);p(1, 6);p(0, 6);",0,1,7,12,FALSE,0,0,6,1
4ways,"(4, 1)",N99878,N32798,"p(4, 5);p(4, 4);p(3, 4);p(2, 4);p(2, 3);p(2, 2);p(2, 1);p(3, 1);p(4, 1);",0,4,8,13,FALSE,0,0,3,"1, 1, 2, 2"
4ways,"(0, 1)",N60238,N32798,"p(4, 5);p(4, 4);p(3, 4);p(2, 4);p(2, 3);p(2, 2);p(2, 1);p(1, 1);p(0, 1);",0,2,8,13,FALSE,0,0,5,"1, 2"
4ways,"(4, 5)",N70552,N91530,"p(0, 6);p(1, 6);p(2, 6);p(2, 5);p(2, 4);p(3, 4);p(4, 4);p(4, 5);",0,1,7,17,FALSE,0,0,6,1
4ways,"(4, 1)",N70945,N91530,"p(0, 6);p(1, 6);p(2, 6);p(2, 5);p(2, 4);p(2, 3);p(2, 2);p(2, 1);p(3, 1);p(4, 1);",0,4,9,19,FALSE,0,0,3,"1, 1, 2, 2"
4ways,"(0, 1)",N19695,N91530,"p(0, 6);p(1, 6);p(2, 6);p(2, 5);p(2, 4);p(2, 3);p(2, 2);p(2, 1);p(1, 1);p(0, 1);",0,2,9,19,FALSE,0,0,5,"1, 2"
4ways,"(0, 1)",N68334,N88542,"p(4, 1);p(3, 1);p(2, 1);p(1, 1);p(0, 1);",0,2,4,15,FALSE,0,0,2,"1, 2"
4ways,"(4, 5)",N14860,N88542,"p(4, 1);p(3, 1);p(2, 1);p(2, 2);p(2, 3);p(2, 4);p(3, 4);p(4, 4);p(4, 5);",0,1,8,19,FALSE,0,0,3,1
4ways,"(0, 6)",N67846,N88542,"p(4, 1);p(3, 1);p(2, 1);p(2, 2);p(2, 3);p(2, 4);p(2, 5);p(2, 6);p(1, 6);p(0, 6);",0,1,9,20,FALSE,0,0,3,1
4ways,"(4, 1)",N79384,N68171,"p(0, 1);p(1, 1);p(2, 1);p(3, 1);p(4, 1);",0,4,4,15,FALSE,0,0,2,"1, 1, 2, 2"
4ways,"(4, 5)",N99186,N68171,"p(0, 1);p(1, 1);p(2, 1);p(2, 2);p(2, 3);p(2, 4);p(3, 4);p(4, 4);p(4, 5);",0,1,8,19,FALSE,0,0,5,1
4ways,"(0, 6)",N84945,N68171,"p(0, 1);p(1, 1);p(2, 1);p(2, 2);p(2, 3);p(2, 4);p(2, 5);p(2, 6);p(1, 6);p(0, 6);",0,1,9,20,FALSE,0,0,5,1
4ways,"(4, 4)",N24918,N27336,"p(0, 1);p(1, 1);p(2, 1);p(2, 2);p(2, 3);p(2, 4);p(3, 4);p(4, 4);",0,1,7,18,FALSE,0,0,2,1
4ways,"(0, 6)",N35692,N27336,"p(0, 1);p(1, 1);p(2, 1);p(2, 2);p(2, 3);p(2, 4);p(2, 5);p(2, 6);p(1, 6);p(0, 6);",0,1,9,20,FALSE,0,0,2,1
4ways,"(4, 5)",N77546,N21554,"p(4, 4);p(4, 5);",0,1,1,15,FALSE,0,0,3,1
4ways,"(0, 6)",N16090,N21554,"p(4, 4);p(3, 4);p(2, 4);p(2, 5);p(2, 6);p(1, 6);p(0, 6);",0,1,6,20,FALSE,0,0,3,1
4ways,"(0, 1)",N64741,N21554,"p(4, 4);p(3, 4);p(2, 4);p(2, 3);p(2, 2);p(2, 1);p(1, 1);p(0, 1);",0,2,7,21,FALSE,0,0,2,"1, 2"
4ways,"(4, 4)",N83433,N26319,"p(0, 6);p(1, 6);p(2, 6);p(2, 5);p(2, 4);p(3, 4);p(4, 4);",0,1,6,22,FALSE,0,0,3,1
4ways,"(0, 1)",N93526,N26319,"p(0, 6);p(1, 6);p(2, 6);p(2, 5);p(2, 4);p(2, 3);p(2, 2);p(2, 1);p(1, 1);p(0, 1);",0,2,9,25,FALSE,0,0,2,"1, 2"
4ways,"(4, 4)",N57637,N60447,"p(4, 1);p(3, 1);p(2, 1);p(2, 2);p(2, 3);p(2, 4);p(3, 4);p(4, 4);",0,1,7,18,FALSE,0,0,2,1
4ways,"(0, 6)",N20174,N60447,"p(4, 1);p(3, 1);p(2, 1);p(2, 2);p(2, 3);p(2, 4);p(2, 5);p(2, 6);p(1, 6);p(0, 6);",0,1,9,20,FALSE,0,0,2,1
4ways,"(4, 5)",N97788,N61169,"p(4, 4);p(4, 5);",0,1,1,15,FALSE,0,0,5,1
4ways,"(0, 6)",N39247,N61169,"p(4, 4);p(3, 4);p(2, 4);p(2, 5);p(2, 6);p(1, 6);p(0, 6);",0,1,6,20,FALSE,0,0,5,1
4ways,"(4, 1)",N66641,N61169,"p(4, 4);p(3, 4);p(2, 4);p(2, 3);p(2, 2);p(2, 1);p(3, 1);p(4, 1);",0,4,7,21,FALSE,0,0,2,"1, 1, 2, 2"
4ways,"(4, 4)",N38171,N29748,"p(0, 6);p(1, 6);p(2, 6);p(2, 5);p(2, 4);p(3, 4);p(4, 4);",0,1,6,22,FALSE,0,0,5,1
4ways,"(4, 1)",N21112,N29748,"p(0, 6);p(1, 6);p(2, 6);p(2, 5);p(2, 4);p(2, 3);p(2, 2);p(2, 1);p(3, 1);p(4, 1);",0,4,9,25,FALSE,0,0,2,"1, 1, 2, 2"
4ways,"(4, 1)",N50954,N20811,"p(4, 5);p(4, 4);p(3, 4);p(2, 4);p(2, 3);p(2, 2);p(2, 1);p(3, 1);p(4, 1);",0,4,8,17,FALSE,0,0,2,"1, 1, 2, 2"
4ways,"(0, 1)",N30238,N20811,"p(4, 5);p(4, 4);p(3, 4);p(2, 4);p(2, 3);p(2, 2);p(2, 1);p(1, 1);p(0, 1);",0,2,8,17,FALSE,0,0,4,"1, 2"
4ways,"(0, 1)",N46107,N25416,"p(4, 1);p(3, 1);p(2, 1);p(1, 1);p(0, 1);",0,2,4,19,FALSE,0,0,1,"1, 2"
4ways,"(4, 5)",N67687,N25416,"p(4, 1);p(3, 1);p(2, 1);p(2, 2);p(2, 3);p(2, 4);p(3, 4);p(4, 4);p(4, 5);",0,1,8,23,FALSE,0,0,2,1
4ways,"(4, 1)",N79056,N38655,"p(0, 1);p(1, 1);p(2, 1);p(3, 1);p(4, 1);",0,4,4,19,FALSE,0,0,1,"1, 1, 2, 2"
4ways,"(4, 5)",N22842,N38655,"p(0, 1);p(1, 1);p(2, 1);p(2, 2);p(2, 3);p(2, 4);p(3, 4);p(4, 4);p(4, 5);",0,1,8,23,FALSE,0,0,4,1
4ways,"(4, 4)",N48928,N67505,"p(0, 1);p(1, 1);p(2, 1);p(2, 2);p(2, 3);p(2, 4);p(3, 4);p(4, 4);",0,1,7,22,FALSE,0,0,1,1
4ways,"(4, 5)",N85196,N81529,"p(4, 4);p(4, 5);",0,1,1,19,FALSE,0,0,2,1
4ways,"(0, 1)",N19126,N81529,"p(4, 4);p(3, 4);p(2, 4);p(2, 3);p(2, 2);p(2, 1);p(1, 1);p(0, 1);",0,2,7,25,FALSE,0,0,1,"1, 2"
4ways,"(4, 4)",N64310,N55441,"p(4, 1);p(3, 1);p(2, 1);p(2, 2);p(2, 3);p(2, 4);p(3, 4);p(4, 4);",0,1,7,22,FALSE,0,0,1,1
4ways,"(4, 5)",N88611,N95080,"p(4, 4);p(4, 5);",0,1,1,19,FALSE,0,0,4,1
4ways,"(4, 1)",N18220,N95080,"p(4, 4);p(3, 4);p(2, 4);p(2, 3);p(2, 2);p(2, 1);p(3, 1);p(4, 1);",0,4,7,25,FALSE,0,0,1,"1, 1, 2, 2"
4ways,"(4, 1)",N35001,N22474,"p(0, 6);p(1, 6);p(2, 6);p(2, 5);p(2, 4);p(2, 3);p(2, 2);p(2, 1);p(3, 1);p(4, 1);",0,4,9,21,FALSE,0,0,2,"1, 1, 2, 2"
4ways,"(0, 1)",N29539,N22474,"p(0, 6);p(1, 6);p(2, 6);p(2, 5);p(2, 4);p(2, 3);p(2, 2);p(2, 1);p(1, 1);p(0, 1);",0,2,9,21,FALSE,0,0,4,"1, 2"
4ways,"(0, 1)",N73325,N99878,"p(4, 1);p(3, 1);p(2, 1);p(1, 1);p(0, 1);",0,2,4,17,FALSE,0,0,1,"1, 2"
4ways,"(0, 6)",N57901,N99878,"p(4, 1);p(3, 1);p(2, 1);p(2, 2);p(2, 3);p(2, 4);p(2, 5);p(2, 6);p(1, 6);p(0, 6);",0,1,9,22,FALSE,0,0,2,1
4ways,"(4, 1)",N13644,N60238,"p(0, 1);p(1, 1);p(2, 1);p(3, 1);p(4, 1);",0,4,4,17,FALSE,0,0,1,"1, 1, 2, 2"
4ways,"(0, 6)",N33016,N60238,"p(0, 1);p(1, 1);p(2, 1);p(2, 2);p(2, 3);p(2, 4);p(2, 5);p(2, 6);p(1, 6);p(0, 6);",0,1,9,22,FALSE,0,0,4,1
4ways,"(4, 1)",N17060,N70552,"p(4, 5);p(4, 4);p(3, 4);p(2, 4);p(2, 3);p(2, 2);p(2, 1);p(3, 1);p(4, 1);",0,4,8,25,FALSE,0,0,2,"1, 1, 2, 2"
4ways,"(0, 1)",N30543,N70552,"p(4, 5);p(4, 4);p(3, 4);p(2, 4);p(2, 3);p(2, 2);p(2, 1);p(1, 1);p(0, 1);",0,2,8,25,FALSE,0,0,4,"1, 2"
4ways,"(0, 1)",N40273,N70945,"p(4, 1);p(3, 1);p(2, 1);p(1, 1);p(0, 1);",0,2,4,23,FALSE,0,0,1,"1, 2"
4ways,"(4, 5)",N45998,N70945,"p(4, 1);p(3, 1);p(2, 1);p(2, 2);p(2, 3);p(2, 4);p(3, 4);p(4, 4);p(4, 5);",0,1,8,27,FALSE,0,0,2,1
4ways,"(4, 1)",N43251,N19695,"p(0, 1);p(1, 1);p(2, 1);p(3, 1);p(4, 1);",0,4,4,23,FALSE,0,0,1,"1, 1, 2, 2"
4ways,"(4, 5)",N68434,N19695,"p(0, 1);p(1, 1);p(2, 1);p(2, 2);p(2, 3);p(2, 4);p(3, 4);p(4, 4);p(4, 5);",0,1,8,27,FALSE,0,0,4,1
4ways,"(4, 5)",N75021,N68334,"p(0, 1);p(1, 1);p(2, 1);p(2, 2);p(2, 3);p(2, 4);p(3, 4);p(4, 4);p(4, 5);",0,1,8,23,FALSE,0,0,1,1
4ways,"(0, 6)",N55430,N68334,"p(0, 1);p(1, 1);p(2, 1);p(2, 2);p(2, 3);p(2, 4);p(2, 5);p(2, 6);p(1, 6);p(0, 6);",0,1,9,24,FALSE,0,0,1,1
4ways,"(0, 6)",N96551,N14860,"p(4, 5);p(4, 4);p(3, 4);p(2, 4);p(2, 5);p(2, 6);p(1, 6);p(0, 6);",0,1,7,26,FALSE,0,0,2,1
4ways,"(0, 1)",N32558,N14860,"p(4, 5);p(4, 4);p(3, 4);p(2, 4);p(2, 3);p(2, 2);p(2, 1);p(1, 1);p(0, 1);",0,2,8,27,FALSE,0,0,1,"1, 2"
4ways,"(4, 5)",N51445,N67846,"p(0, 6);p(1, 6);p(2, 6);p(2, 5);p(2, 4);p(3, 4);p(4, 4);p(4, 5);",0,1,7,27,FALSE,0,0,2,1
4ways,"(0, 1)",N48696,N67846,"p(0, 6);p(1, 6);p(2, 6);p(2, 5);p(2, 4);p(2, 3);p(2, 2);p(2, 1);p(1, 1);p(0, 1);",0,2,9,29,FALSE,0,0,1,"1, 2"
4ways,"(4, 5)",N70045,N79384,"p(4, 1);p(3, 1);p(2, 1);p(2, 2);p(2, 3);p(2, 4);p(3, 4);p(4, 4);p(4, 5);",0,1,8,23,FALSE,0,0,1,1
4ways,"(0, 6)",N56788,N79384,"p(4, 1);p(3, 1);p(2, 1);p(2, 2);p(2, 3);p(2, 4);p(2, 5);p(2, 6);p(1, 6);p(0, 6);",0,1,9,24,FALSE,0,0,1,1
4ways,"(0, 6)",N27839,N99186,"p(4, 5);p(4, 4);p(3, 4);p(2, 4);p(2, 5);p(2, 6);p(1, 6);p(0, 6);",0,1,7,26,FALSE,0,0,4,1
4ways,"(4, 1)",N60822,N99186,"p(4, 5);p(4, 4);p(3, 4);p(2, 4);p(2, 3);p(2, 2);p(2, 1);p(3, 1);p(4, 1);",0,4,8,27,FALSE,0,0,1,"1, 1, 2, 2"
4ways,"(4, 5)",N65345,N84945,"p(0, 6);p(1, 6);p(2, 6);p(2, 5);p(2, 4);p(3, 4);p(4, 4);p(4, 5);",0,1,7,27,FALSE,0,0,4,1
4ways,"(4, 1)",N27552,N84945,"p(0, 6);p(1, 6);p(2, 6);p(2, 5);p(2, 4);p(2, 3);p(2, 2);p(2, 1);p(3, 1);p(4, 1);",0,4,9,29,FALSE,0,0,1,"1, 1, 2, 2"
4ways,"(4, 5)",N79823,N24918,"p(4, 4);p(4, 5);",0,1,1,19,FALSE,0,0,1,1
4ways,"(0, 6)",N96706,N24918,"p(4, 4);p(3, 4);p(2, 4);p(2, 5);p(2, 6);p(1, 6);p(0, 6);",0,1,6,24,FALSE,0,0,1,1
4ways,"(4, 4)",N92462,N35692,"p(0, 6);p(1, 6);p(2, 6);p(2, 5);p(2, 4);p(3, 4);p(4, 4);",0,1,6,26,FALSE,0,0,1,1
4ways,"(0, 6)",N54553,N77546,"p(4, 5);p(4, 4);p(3, 4);p(2, 4);p(2, 5);p(2, 6);p(1, 6);p(0, 6);",0,1,7,22,FALSE,0,0,2,1
4ways,"(0, 1)",N39780,N77546,"p(4, 5);p(4, 4);p(3, 4);p(2, 4);p(2, 3);p(2, 2);p(2, 1);p(1, 1);p(0, 1);",0,2,8,23,FALSE,0,0,1,"1, 2"
4ways,"(4, 5)",N26846,N16090,"p(0, 6);p(1, 6);p(2, 6);p(2, 5);p(2, 4);p(3, 4);p(4, 4);p(4, 5);",0,1,7,27,FALSE,0,0,2,1
4ways,"(0, 1)",N66021,N16090,"p(0, 6);p(1, 6);p(2, 6);p(2, 5);p(2, 4);p(2, 3);p(2, 2);p(2, 1);p(1, 1);p(0, 1);",0,2,9,29,FALSE,0,0,1,"1, 2"
4ways,"(4, 5)",N21259,N64741,"p(0, 1);p(1, 1);p(2, 1);p(2, 2);p(2, 3);p(2, 4);p(3, 4);p(4, 4);p(4, 5);",0,1,8,29,FALSE,0,0,1,1
4ways,"(0, 6)",N92391,N64741,"p(0, 1);p(1, 1);p(2, 1);p(2, 2);p(2, 3);p(2, 4);p(2, 5);p(2, 6);p(1, 6);p(0, 6);",0,1,9,30,FALSE,0,0,1,1
4ways,"(4, 5)",N11692,N83433,"p(4, 4);p(4, 5);",0,1,1,23,FALSE,0,0,2,1
4ways,"(0, 1)",N85488,N83433,"p(4, 4);p(3, 4);p(2, 4);p(2, 3);p(2, 2);p(2, 1);p(1, 1);p(0, 1);",0,2,7,29,FALSE,0,0,1,"1, 2"
4ways,"(4, 4)",N85685,N93526,"p(0, 1);p(1, 1);p(2, 1);p(2, 2);p(2, 3);p(2, 4);p(3, 4);p(4, 4);",0,1,7,32,FALSE,0,0,1,1
4ways,"(4, 5)",N98600,N57637,"p(4, 4);p(4, 5);",0,1,1,19,FALSE,0,0,1,1
4ways,"(0, 6)",N85102,N57637,"p(4, 4);p(3, 4);p(2, 4);p(2, 5);p(2, 6);p(1, 6);p(0, 6);",0,1,6,24,FALSE,0,0,1,1
4ways,"(4, 4)",N16945,N20174,"p(0, 6);p(1, 6);p(2, 6);p(2, 5);p(2, 4);p(3, 4);p(4, 4);",0,1,6,26,FALSE,0,0,1,1
4ways,"(0, 6)",N44503,N97788,"p(4, 5);p(4, 4);p(3, 4);p(2, 4);p(2, 5);p(2, 6);p(1, 6);p(0, 6);",0,1,7,22,FALSE,0,0,4,1
4ways,"(4, 1)",N24895,N97788,"p(4, 5);p(4, 4);p(3, 4);p(2, 4);p(2, 3);p(2, 2);p(2, 1);p(3, 1);p(4, 1);",0,4,8,23,FALSE,0,0,1,"1, 1, 2, 2"
4ways,"(4, 5)",N47659,N39247,"p(0, 6);p(1, 6);p(2, 6);p(2, 5);p(2, 4);p(3, 4);p(4, 4);p(4, 5);",0,1,7,27,FALSE,0,0,4,1
4ways,"(4, 1)",N91153,N39247,"p(0, 6);p(1, 6);p(2, 6);p(2, 5);p(2, 4);p(2, 3);p(2, 2);p(2, 1);p(3, 1);p(4, 1);",0,4,9,29,FALSE,0,0,1,"1, 1, 2, 2"
4ways,"(4, 5)",N39797,N66641,"p(4, 1);p(3, 1);p(2, 1);p(2, 2);p(2, 3);p(2, 4);p(3, 4);p(4, 4);p(4, 5);",0,1,8,29,FALSE,0,0,1,1
4ways,"(0, 6)",N17903,N66641,"p(4, 1);p(3, 1);p(2, 1);p(2, 2);p(2, 3);p(2, 4);p(2, 5);p(2, 6);p(1, 6);p(0, 6);",0,1,9,30,FALSE,0,0,1,1
4ways,"(4, 5)",N79618,N38171,"p(4, 4);p(4, 5);",0,1,1,23,FALSE,0,0,4,1
4ways,"(4, 1)",N92012,N38171,"p(4, 4);p(3, 4);p(2, 4);p(2, 3);p(2, 2);p(2, 1);p(3, 1);p(4, 1);",0,4,7,29,FALSE,0,0,1,"1, 1, 2, 2"
4ways,"(4, 4)",N70101,N21112,"p(4, 1);p(3, 1);p(2, 1);p(2, 2);p(2, 3);p(2, 4);p(3, 4);p(4, 4);",0,1,7,32,FALSE,0,0,1,1
4ways,"(0, 1)",N91125,N50954,"p(4, 1);p(3, 1);p(2, 1);p(1, 1);p(0, 1);",0,2,4,21,TRUE,0,0,0,"1, 2"
4ways,"(4, 1)",N88992,N30238,"p(0, 1);p(1, 1);p(2, 1);p(3, 1);p(4, 1);",0,4,4,21,TRUE,0,0,0,"1, 1, 2, 2"
4ways,"(4, 5)",N87928,N46107,"p(0, 1);p(1, 1);p(2, 1);p(2, 2);p(2, 3);p(2, 4);p(3, 4);p(4, 4);p(4, 5);",0,1,8,27,TRUE,0,0,0,1
4ways,"(0, 1)",N39578,N67687,"p(4, 5);p(4, 4);p(3, 4);p(2, 4);p(2, 3);p(2, 2);p(2, 1);p(1, 1);p(0, 1);",0,2,8,31,TRUE,0,0,0,"1, 2"
4ways,"(4, 5)",N52077,N79056,"p(4, 1);p(3, 1);p(2, 1);p(2, 2);p(2, 3);p(2, 4);p(3, 4);p(4, 4);p(4, 5);",0,1,8,27,TRUE,0,0,0,1
4ways,"(4, 1)",N68250,N22842,"p(4, 5);p(4, 4);p(3, 4);p(2, 4);p(2, 3);p(2, 2);p(2, 1);p(3, 1);p(4, 1);",0,4,8,31,TRUE,0,0,0,"1, 1, 2, 2"
4ways,"(4, 5)",N17232,N48928,"p(4, 4);p(4, 5);",0,1,1,23,TRUE,0,0,0,1
4ways,"(0, 1)",N57678,N85196,"p(4, 5);p(4, 4);p(3, 4);p(2, 4);p(2, 3);p(2, 2);p(2, 1);p(1, 1);p(0, 1);",0,2,8,27,TRUE,0,0,0,"1, 2"
4ways,"(4, 5)",N74985,N19126,"p(0, 1);p(1, 1);p(2, 1);p(2, 2);p(2, 3);p(2, 4);p(3, 4);p(4, 4);p(4, 5);",0,1,8,33,TRUE,0,0,0,1
4ways,"(4, 5)",N44743,N64310,"p(4, 4);p(4, 5);",0,1,1,23,TRUE,0,0,0,1
4ways,"(4, 1)",N99325,N88611,"p(4, 5);p(4, 4);p(3, 4);p(2, 4);p(2, 3);p(2, 2);p(2, 1);p(3, 1);p(4, 1);",0,4,8,27,TRUE,0,0,0,"1, 1, 2, 2"
4ways,"(4, 5)",N79879,N18220,"p(4, 1);p(3, 1);p(2, 1);p(2, 2);p(2, 3);p(2, 4);p(3, 4);p(4, 4);p(4, 5);",0,1,8,33,TRUE,0,0,0,1
4ways,"(0, 1)",N24044,N35001,"p(4, 1);p(3, 1);p(2, 1);p(1, 1);p(0, 1);",0,2,4,25,TRUE,0,0,0,"1, 2"
4ways,"(4, 1)",N88502,N29539,"p(0, 1);p(1, 1);p(2, 1);p(3, 1);p(4, 1);",0,4,4,25,TRUE,0,0,0,"1, 1, 2, 2"
4ways,"(0, 6)",N23466,N73325,"p(0, 1);p(1, 1);p(2, 1);p(2, 2);p(2, 3);p(2, 4);p(2, 5);p(2, 6);p(1, 6);p(0, 6);",0,1,9,26,TRUE,0,0,0,1
4ways,"(0, 1)",N12213,N57901,"p(0, 6);p(1, 6);p(2, 6);p(2, 5);p(2, 4);p(2, 3);p(2, 2);p(2, 1);p(1, 1);p(0, 1);",0,2,9,31,TRUE,0,0,0,"1, 2"
4ways,"(0, 6)",N88415,N13644,"p(4, 1);p(3, 1);p(2, 1);p(2, 2);p(2, 3);p(2, 4);p(2, 5);p(2, 6);p(1, 6);p(0, 6);",0,1,9,26,TRUE,0,0,0,1
4ways,"(4, 1)",N71190,N33016,"p(0, 6);p(1, 6);p(2, 6);p(2, 5);p(2, 4);p(2, 3);p(2, 2);p(2, 1);p(3, 1);p(4, 1);",0,4,9,31,TRUE,0,0,0,"1, 1, 2, 2"
4ways,"(0, 1)",N18286,N17060,"p(4, 1);p(3, 1);p(2, 1);p(1, 1);p(0, 1);",0,2,4,29,TRUE,0,0,0,"1, 2"
4ways,"(4, 1)",N44981,N30543,"p(0, 1);p(1, 1);p(2, 1);p(3, 1);p(4, 1);",0,4,4,29,TRUE,0,0,0,"1, 1, 2, 2"
4ways,"(4, 5)",N44107,N40273,"p(0, 1);p(1, 1);p(2, 1);p(2, 2);p(2, 3);p(2, 4);p(3, 4);p(4, 4);p(4, 5);",0,1,8,31,TRUE,0,0,0,1
4ways,"(0, 1)",N44779,N45998,"p(4, 5);p(4, 4);p(3, 4);p(2, 4);p(2, 3);p(2, 2);p(2, 1);p(1, 1);p(0, 1);",0,2,8,35,TRUE,0,0,0,"1, 2"
4ways,"(4, 5)",N61951,N43251,"p(4, 1);p(3, 1);p(2, 1);p(2, 2);p(2, 3);p(2, 4);p(3, 4);p(4, 4);p(4, 5);",0,1,8,31,TRUE,0,0,0,1
4ways,"(4, 1)",N20515,N68434,"p(4, 5);p(4, 4);p(3, 4);p(2, 4);p(2, 3);p(2, 2);p(2, 1);p(3, 1);p(4, 1);",0,4,8,35,TRUE,0,0,0,"1, 1, 2, 2"
4ways,"(0, 6)",N66480,N75021,"p(4, 5);p(4, 4);p(3, 4);p(2, 4);p(2, 5);p(2, 6);p(1, 6);p(0, 6);",0,1,7,30,TRUE,0,0,0,1
4ways,"(4, 5)",N91557,N55430,"p(0, 6);p(1, 6);p(2, 6);p(2, 5);p(2, 4);p(3, 4);p(4, 4);p(4, 5);",0,1,7,31,TRUE,0,0,0,1
4ways,"(0, 1)",N58618,N96551,"p(0, 6);p(1, 6);p(2, 6);p(2, 5);p(2, 4);p(2, 3);p(2, 2);p(2, 1);p(1, 1);p(0, 1);",0,2,9,35,TRUE,0,0,0,"1, 2"
4ways,"(0, 6)",N80772,N32558,"p(0, 1);p(1, 1);p(2, 1);p(2, 2);p(2, 3);p(2, 4);p(2, 5);p(2, 6);p(1, 6);p(0, 6);",0,1,9,36,TRUE,0,0,0,1
4ways,"(0, 1)",N25352,N51445,"p(4, 5);p(4, 4);p(3, 4);p(2, 4);p(2, 3);p(2, 2);p(2, 1);p(1, 1);p(0, 1);",0,2,8,35,TRUE,0,0,0,"1, 2"
4ways,"(4, 5)",N18665,N48696,"p(0, 1);p(1, 1);p(2, 1);p(2, 2);p(2, 3);p(2, 4);p(3, 4);p(4, 4);p(4, 5);",0,1,8,37,TRUE,0,0,0,1
4ways,"(0, 6)",N47895,N70045,"p(4, 5);p(4, 4);p(3, 4);p(2, 4);p(2, 5);p(2, 6);p(1, 6);p(0, 6);",0,1,7,30,TRUE,0,0,0,1
4ways,"(4, 5)",N39011,N56788,"p(0, 6);p(1, 6);p(2, 6);p(2, 5);p(2, 4);p(3, 4);p(4, 4);p(4, 5);",0,1,7,31,TRUE,0,0,0,1
4ways,"(4, 1)",N75256,N27839,"p(0, 6);p(1, 6);p(2, 6);p(2, 5);p(2, 4);p(2, 3);p(2, 2);p(2, 1);p(3, 1);p(4, 1);",0,4,9,35,TRUE,0,0,0,"1, 1, 2, 2"
4ways,"(0, 6)",N92786,N60822,"p(4, 1);p(3, 1);p(2, 1);p(2, 2);p(2, 3);p(2, 4);p(2, 5);p(2, 6);p(1, 6);p(0, 6);",0,1,9,36,TRUE,0,0,0,1
4ways,"(4, 1)",N95501,N65345,"p(4, 5);p(4, 4);p(3, 4);p(2, 4);p(2, 3);p(2, 2);p(2, 1);p(3, 1);p(4, 1);",0,4,8,35,TRUE,0,0,0,"1, 1, 2, 2"
4ways,"(4, 5)",N88033,N27552,"p(4, 1);p(3, 1);p(2, 1);p(2, 2);p(2, 3);p(2, 4);p(3, 4);p(4, 4);p(4, 5);",0,1,8,37,TRUE,0,0,0,1
4ways,"(0, 6)",N64696,N79823,"p(4, 5);p(4, 4);p(3, 4);p(2, 4);p(2, 5);p(2, 6);p(1, 6);p(0, 6);",0,1,7,26,TRUE,0,0,0,1
4ways,"(4, 5)",N64058,N96706,"p(0, 6);p(1, 6);p(2, 6);p(2, 5);p(2, 4);p(3, 4);p(4, 4);p(4, 5);",0,1,7,31,TRUE,0,0,0,1
4ways,"(4, 5)",N50231,N92462,"p(4, 4);p(4, 5);",0,1,1,27,TRUE,0,0,0,1
4ways,"(0, 1)",N66949,N54553,"p(0, 6);p(1, 6);p(2, 6);p(2, 5);p(2, 4);p(2, 3);p(2, 2);p(2, 1);p(1, 1);p(0, 1);",0,2,9,31,TRUE,0,0,0,"1, 2"
4ways,"(0, 6)",N89480,N39780,"p(0, 1);p(1, 1);p(2, 1);p(2, 2);p(2, 3);p(2, 4);p(2, 5);p(2, 6);p(1, 6);p(0, 6);",0,1,9,32,TRUE,0,0,0,1
4ways,"(0, 1)",N58886,N26846,"p(4, 5);p(4, 4);p(3, 4);p(2, 4);p(2, 3);p(2, 2);p(2, 1);p(1, 1);p(0, 1);",0,2,8,35,TRUE,0,0,0,"1, 2"
4ways,"(4, 5)",N27081,N66021,"p(0, 1);p(1, 1);p(2, 1);p(2, 2);p(2, 3);p(2, 4);p(3, 4);p(4, 4);p(4, 5);",0,1,8,37,TRUE,0,0,0,1
4ways,"(0, 6)",N60831,N21259,"p(4, 5);p(4, 4);p(3, 4);p(2, 4);p(2, 5);p(2, 6);p(1, 6);p(0, 6);",0,1,7,36,TRUE,0,0,0,1
4ways,"(4, 5)",N17899,N92391,"p(0, 6);p(1, 6);p(2, 6);p(2, 5);p(2, 4);p(3, 4);p(4, 4);p(4, 5);",0,1,7,37,TRUE,0,0,0,1
4ways,"(0, 1)",N61894,N11692,"p(4, 5);p(4, 4);p(3, 4);p(2, 4);p(2, 3);p(2, 2);p(2, 1);p(1, 1);p(0, 1);",0,2,8,31,TRUE,0,0,0,"1, 2"
4ways,"(4, 5)",N72490,N85488,"p(0, 1);p(1, 1);p(2, 1);p(2, 2);p(2, 3);p(2, 4);p(3, 4);p(4, 4);p(4, 5);",0,1,8,37,TRUE,0,0,0,1
4ways,"(4, 5)",N37492,N85685,"p(4, 4);p(4, 5);",0,1,1,33,TRUE,0,0,0,1
4ways,"(0, 6)",N95923,N98600,"p(4, 5);p(4, 4);p(3, 4);p(2, 4);p(2, 5);p(2, 6);p(1, 6);p(0, 6);",0,1,7,26,TRUE,0,0,0,1
4ways,"(4, 5)",N10555,N85102,"p(0, 6);p(1, 6);p(2, 6);p(2, 5);p(2, 4);p(3, 4);p(4, 4);p(4, 5);",0,1,7,31,TRUE,0,0,0,1
4ways,"(4, 5)",N65703,N16945,"p(4, 4);p(4, 5);",0,1,1,27,TRUE,0,0,0,1
4ways,"(4, 1)",N90548,N44503,"p(0, 6);p(1, 6);p(2, 6);p(2, 5);p(2, 4);p(2, 3);p(2, 2);p(2, 1);p(3, 1);p(4, 1);",0,4,9,31,TRUE,0,0,0,"1, 1, 2, 2"
4ways,"(0, 6)",N37565,N24895,"p(4, 1);p(3, 1);p(2, 1);p(2, 2);p(2, 3);p(2, 4);p(2, 5);p(2, 6);p(1, 6);p(0, 6);",0,1,9,32,TRUE,0,0,0,1
4ways,"(4, 1)",N55442,N47659,"p(4, 5);p(4, 4);p(3, 4);p(2, 4);p(2, 3);p(2, 2);p(2, 1);p(3, 1);p(4, 1);",0,4,8,35,TRUE,0,0,0,"1, 1, 2, 2"
4ways,"(4, 5)",N87247,N91153,"p(4, 1);p(3, 1);p(2, 1);p(2, 2);p(2, 3);p(2, 4);p(3, 4);p(4, 4);p(4, 5);",0,1,8,37,TRUE,0,0,0,1
4ways,"(0, 6)",N74405,N39797,"p(4, 5);p(4, 4);p(3, 4);p(2, 4);p(2, 5);p(2, 6);p(1, 6);p(0, 6);",0,1,7,36,TRUE,0,0,0,1
4ways,"(4, 5)",N24317,N17903,"p(0, 6);p(1, 6);p(2, 6);p(2, 5);p(2, 4);p(3, 4);p(4, 4);p(4, 5);",0,1,7,37,TRUE,0,0,0,1
4ways,"(4, 1)",N75673,N79618,"p(4, 5);p(4, 4);p(3, 4);p(2, 4);p(2, 3);p(2, 2);p(2, 1);p(3, 1);p(4, 1);",0,4,8,31,TRUE,0,0,0,"1, 1, 2, 2"
4ways,"(4, 5)",N28210,N92012,"p(4, 1);p(3, 1);p(2, 1);p(2, 2);p(2, 3);p(2, 4);p(3, 4);p(4, 4);p(4, 5);",0,1,8,37,TRUE,0,0,0,1
4ways,"(4, 5)",N29994,N70101,"p(4, 4);p(4, 5);",0,1,1,33,TRUE,0,0,0,1
Equal_6vs6,"(4, 4)",N11226,NA,,0,0,0,0,FALSE,0,0,12,
Equal_6vs6,"(6, 7)",N33423,N11226,"p(4, 4);p(5, 4);p(6, 4);p(6, 5);p(6, 6);p(6, 7);",0,6,5,5,FALSE,0,0,6,"1, 2, 3, 4, 5, 6"
Equal_6vs6,"(2, 1)",N12169,N11226,"p(4, 4);p(3, 4);p(2, 4);p(2, 3);p(2, 2);p(2, 1);",0,6,5,5,FALSE,0,0,6,"1, 1, 2, 2, 2, 2"
Equal_6vs6,"(2, 1)",N60252,N33423,"p(6, 7);p(6, 6);p(6, 5);p(6, 4);p(5, 4);p(4, 4);p(3, 4);p(2, 4);p(2, 3);p(2, 2);p(2, 1);",0,6,10,15,TRUE,0,0,0,"1, 1, 2, 2, 2, 2"
Equal_6vs6,"(6, 7)",N54985,N12169,"p(2, 1);p(2, 2);p(2, 3);p(2, 4);p(3, 4);p(4, 4);p(5, 4);p(6, 4);p(6, 5);p(6, 6);p(6, 7);",0,6,10,15,TRUE,0,0,0,"1, 2, 3, 4, 5, 6"
Equal_8vs3,"(6, 2)",N70001,NA,,0,0,0,0,FALSE,0,0,11,
Equal_8vs3,"(8, 4)",N74194,N70001,"p(6, 2);p(6, 3);p(6, 4);p(7, 4);p(8, 4);",0,3,4,4,FALSE,0,0,8,"1, 2, 3"
Equal_8vs3,"(0, 2)",N18204,N70001,"p(6, 2);p(6, 1);p(6, 0);p(5, 0);p(4, 0);p(3, 0);p(2, 0);p(1, 0);p(0, 0);p(0, 1);p(0, 2);",0,8,10,10,FALSE,0,0,3,"1, 2, 2, 3, 3, 4, 4, 5"
Equal_8vs3,"(0, 2)",N49305,N74194,"p(8, 4);p(7, 4);p(6, 4);p(6, 3);p(6, 2);p(6, 1);p(6, 0);p(5, 0);p(4, 0);p(3, 0);p(2, 0);p(1, 0);p(0, 0);p(0, 1);p(0, 2);",0,8,14,18,TRUE,0,0,0,"1, 2, 2, 3, 3, 4, 4, 5"
Equal_8vs3,"(8, 4)",N70443,N18204,"p(0, 2);p(0, 1);p(0, 0);p(1, 0);p(2, 0);p(3, 0);p(4, 0);p(5, 0);p(6, 0);p(6, 1);p(6, 2);p(6, 3);p(6, 4);p(7, 4);p(8, 4);",0,3,14,24,TRUE,0,0,0,"1, 2, 3"
Equal_7vs9_mirror,"(2, 2)",N74301,NA,,0,0,0,0,FALSE,0,0,16,
Equal_7vs9_mirror,"(0, 7)",N10790,N74301,"p(2, 2);p(2, 3);p(2, 4);p(2, 5);p(1, 5);p(0, 5);p(0, 6);p(0, 7);",0,7,7,7,FALSE,0,0,9,"1, 2, 3, 4, 5, 6, 7"
Equal_7vs9_mirror,"(7, 2)",N85381,N74301,"p(2, 2);p(2, 1);p(2, 0);p(3, 0);p(4, 0);p(5, 0);p(6, 0);p(7, 0);p(7, 1);p(7, 2);",0,9,9,9,FALSE,0,0,7,"1, 2, 2, 3, 3, 3, 4, 4, 5"
Equal_7vs9_mirror,"(7, 2)",N56064,N10790,"p(0, 7);p(0, 6);p(0, 5);p(1, 5);p(2, 5);p(2, 4);p(2, 3);p(2, 2);p(2, 1);p(2, 0);p(3, 0);p(4, 0);p(5, 0);p(6, 0);p(7, 0);p(7, 1);p(7, 2);",0,9,16,23,TRUE,0,0,0,"1, 2, 2, 3, 3, 3, 4, 4, 5"
Equal_7vs9_mirror,"(0, 7)",N85756,N85381,"p(7, 2);p(7, 1);p(7, 0);p(6, 0);p(5, 0);p(4, 0);p(3, 0);p(2, 0);p(2, 1);p(2, 2);p(2, 3);p(2, 4);p(2, 5);p(1, 5);p(0, 5);p(0, 6);p(0, 7);",0,7,16,25,TRUE,0,0,0,"1, 2, 3, 4, 5, 6, 7"
Equal_2vs5,"(2, 4)",N78389,NA,,0,0,0,0,FALSE,0,0,7,
Equal_2vs5,"(0, 4)",N61252,N78389,"p(2, 4);p(1, 4);p(0, 4);",0,2,2,2,FALSE,0,0,5,"1, 2"
Equal_2vs5,"(4, 1)",N23723,N78389,"p(2, 4);p(2, 3);p(2, 2);p(2, 1);p(3, 1);p(4, 1);",0,5,5,5,FALSE,0,0,2,"1, 1, 2, 3, 4"
Equal_2vs5,"(4, 1)",N76291,N61252,"p(0, 4);p(1, 4);p(2, 4);p(2, 3);p(2, 2);p(2, 1);p(3, 1);p(4, 1);",0,5,7,9,TRUE,0,0,0,"1, 1, 2, 3, 4"
Equal_2vs5,"(0, 4)",N29932,N23723,"p(4, 1);p(3, 1);p(2, 1);p(2, 2);p(2, 3);p(2, 4);p(1, 4);p(0, 4);",0,2,7,12,TRUE,0,0,0,"1, 2"
Equal_7vs9,"(5, 2)",N23168,NA,,0,0,0,0,FALSE,0,0,16,
Equal_7vs9,"(7, 7)",N97931,N23168,"p(5, 2);p(5, 3);p(5, 4);p(5, 5);p(6, 5);p(7, 5);p(7, 6);p(7, 7);",0,7,7,7,FALSE,0,0,9,"1, 2, 3, 4, 5, 6, 7"
Equal_7vs9,"(0, 2)",N71964,N23168,"p(5, 2);p(5, 1);p(5, 0);p(4, 0);p(3, 0);p(2, 0);p(1, 0);p(0, 0);p(0, 1);p(0, 2);",0,9,9,9,FALSE,0,0,7,"1, 2, 2, 3, 3, 3, 4, 4, 5"
Equal_7vs9,"(0, 2)",N39791,N97931,"p(7, 7);p(7, 6);p(7, 5);p(6, 5);p(5, 5);p(5, 4);p(5, 3);p(5, 2);p(5, 1);p(5, 0);p(4, 0);p(3, 0);p(2, 0);p(1, 0);p(0, 0);p(0, 1);p(0, 2);",0,9,16,23,TRUE,0,0,0,"1, 2, 2, 3, 3, 3, 4, 4, 5"
Equal_7vs9,"(7, 7)",N71596,N71964,"p(0, 2);p(0, 1);p(0, 0);p(1, 0);p(2, 0);p(3, 0);p(4, 0);p(5, 0);p(5, 1);p(5, 2);p(5, 3);p(5, 4);p(5, 5);p(6, 5);p(7, 5);p(7, 6);p(7, 7);",0,7,16,25,TRUE,0,0,0,"1, 2, 3, 4, 5, 6, 7"
6vs2,"(0, 1)",N57320,NA,,0,0,0,0,FALSE,0,0,8,
6vs2,"(0, 3)",N16786,N57320,"p(0, 1);p(0, 2);p(0, 3);",0,2,2,2,FALSE,0,0,6,"1, 2"
6vs2,"(4, 1)",N92511,N57320,"p(0, 1);p(1, 1);p(2, 1);p(3, 1);p(4, 1);",0,6,4,4,FALSE,0,0,2,"1, 1, 2, 2, 2, 3"
6vs2,"(4, 1)",N22845,N16786,"p(0, 3);p(0, 2);p(0, 1);p(1, 1);p(2, 1);p(3, 1);p(4, 1);",0,6,6,8,TRUE,0,0,0,"1, 1, 2, 2, 2, 3"
6vs2,"(0, 3)",N86236,N92511,"p(4, 1);p(3, 1);p(2, 1);p(1, 1);p(0, 1);p(0, 2);p(0, 3);",0,2,6,10,TRUE,0,0,0,"1, 2"
Equal_8vs8_mirror,"(3, 3)",N25275,NA,,0,0,0,0,FALSE,0,0,17,
Equal_8vs8_mirror,"(6, 1)",N90121,N25275,"p(3, 3);p(4, 3);p(5, 3);p(6, 3);p(6, 2);p(6, 1);",0,8,5,5,FALSE,0,0,9,"1, 1, 2, 2, 2, 2, 3, 3"
Equal_8vs8_mirror,"(0, 5)",N19704,N25275,"p(3, 3);p(2, 3);p(1, 3);p(0, 3);p(0, 4);p(0, 5);",0,9,5,5,FALSE,0,0,8,"1, 2, 3, 4, 5, 6, 7, 8, 9"
Equal_8vs8_mirror,"(0, 5)",N36767,N90121,"p(6, 1);p(6, 2);p(6, 3);p(5, 3);p(4, 3);p(3, 3);p(2, 3);p(1, 3);p(0, 3);p(0, 4);p(0, 5);",0,9,10,15,TRUE,0,0,0,"1, 2, 3, 4, 5, 6, 7, 8, 9"
Equal_8vs8_mirror,"(6, 1)",N88802,N19704,"p(0, 5);p(0, 4);p(0, 3);p(1, 3);p(2, 3);p(3, 3);p(4, 3);p(5, 3);p(6, 3);p(6, 2);p(6, 1);",0,8,10,15,TRUE,0,0,0,"1, 1, 2, 2, 2, 2, 3, 3"
4vs1,"(0, 4)",N71706,NA,,0,0,0,0,FALSE,0,0,5,
4vs1,"(2, 4)",N89283,N71706,"p(0, 4);p(1, 4);p(2, 4);",0,1,2,2,FALSE,0,0,4,1
4vs1,"(0, 1)",N66282,N71706,"p(0, 4);p(0, 3);p(0, 2);p(0, 1);",0,2,3,3,FALSE,0,0,3,"1, 2"
4vs1,"(0, 1)",N10992,N89283,"p(2, 4);p(1, 4);p(0, 4);p(0, 3);p(0, 2);p(0, 1);",0,2,5,7,FALSE,0,0,2,"1, 2"
4vs1,"(1, 1)",N87450,N66282,"p(0, 1);p(1, 1);",0,2,1,4,FALSE,0,0,1,"1, 2"
4vs1,"(2, 4)",N37939,N66282,"p(0, 1);p(0, 2);p(0, 3);p(0, 4);p(1, 4);p(2, 4);",0,1,5,8,FALSE,0,0,2,1
4vs1,"(1, 1)",N19528,N10992,"p(0, 1);p(1, 1);",0,2,1,8,TRUE,0,0,0,"1, 2"
4vs1,"(2, 4)",N56165,N87450,"p(1, 1);p(0, 1);p(0, 2);p(0, 3);p(0, 4);p(1, 4);p(2, 4);",0,1,6,10,TRUE,0,0,0,1
4vs1,"(1, 1)",N12893,N37939,"p(2, 4);p(1, 4);p(0, 4);p(0, 3);p(0, 2);p(0, 1);p(1, 1);",0,2,6,14,TRUE,0,0,0,"1, 2"
Equal_7vs2,"(5, 4)",N75113,NA,,0,0,0,0,FALSE,0,0,9,
Equal_7vs2,"(5, 6)",N97490,N75113,"p(5, 4);p(5, 5);p(5, 6);",0,2,2,2,FALSE,0,0,7,"1, 1"
Equal_7vs2,"(2, 0)",N76871,N75113,"p(5, 4);p(5, 3);p(5, 2);p(4, 2);p(3, 2);p(2, 2);p(2, 1);p(2, 0);",0,7,7,7,FALSE,0,0,2,"1, 1, 2, 2, 3, 4, 5"
Equal_7vs2,"(2, 0)",N76825,N97490,"p(5, 6);p(5, 5);p(5, 4);p(5, 3);p(5, 2);p(4, 2);p(3, 2);p(2, 2);p(2, 1);p(2, 0);",0,7,9,11,TRUE,0,0,0,"1, 1, 2, 2, 3, 4, 5"
Equal_7vs2,"(5, 6)",N70306,N76871,"p(2, 0);p(2, 1);p(2, 2);p(3, 2);p(4, 2);p(5, 2);p(5, 3);p(5, 4);p(5, 5);p(5, 6);",0,2,9,16,TRUE,0,0,0,"1, 1"
Equal_7vs2_mirror,"(2, 4)",N10437,NA,,0,0,0,0,FALSE,0,0,9,
Equal_7vs2_mirror,"(2, 6)",N63818,N10437,"p(2, 4);p(2, 5);p(2, 6);",0,2,2,2,FALSE,0,0,7,"1, 1"
Equal_7vs2_mirror,"(5, 0)",N65890,N10437,"p(2, 4);p(2, 3);p(2, 2);p(3, 2);p(4, 2);p(5, 2);p(5, 1);p(5, 0);",0,7,7,7,FALSE,0,0,2,"1, 1, 2, 2, 3, 4, 5"
Equal_7vs2_mirror,"(5, 0)",N66847,N63818,"p(2, 6);p(2, 5);p(2, 4);p(2, 3);p(2, 2);p(3, 2);p(4, 2);p(5, 2);p(5, 1);p(5, 0);",0,7,9,11,TRUE,0,0,0,"1, 1, 2, 2, 3, 4, 5"
Equal_7vs2_mirror,"(2, 6)",N69503,N65890,"p(5, 0);p(5, 1);p(5, 2);p(4, 2);p(3, 2);p(2, 2);p(2, 3);p(2, 4);p(2, 5);p(2, 6);",0,2,9,16,TRUE,0,0,0,"1, 1"
Equal_8vs3_mirror,"(2, 2)",N74322,NA,,0,0,0,0,FALSE,0,0,11,
Equal_8vs3_mirror,"(0, 4)",N68066,N74322,"p(2, 2);p(2, 3);p(2, 4);p(1, 4);p(0, 4);",0,3,4,4,FALSE,0,0,8,"1, 2, 3"
Equal_8vs3_mirror,"(8, 2)",N55102,N74322,"p(2, 2);p(2, 1);p(2, 0);p(3, 0);p(4, 0);p(5, 0);p(6, 0);p(7, 0);p(8, 0);p(8, 1);p(8, 2);",0,8,10,10,FALSE,0,0,3,"1, 2, 2, 3, 3, 4, 4, 5"
Equal_8vs3_mirror,"(8, 2)",N43829,N68066,"p(0, 4);p(1, 4);p(2, 4);p(2, 3);p(2, 2);p(2, 1);p(2, 0);p(3, 0);p(4, 0);p(5, 0);p(6, 0);p(7, 0);p(8, 0);p(8, 1);p(8, 2);",0,8,14,18,TRUE,0,0,0,"1, 2, 2, 3, 3, 4, 4, 5"
Equal_8vs3_mirror,"(0, 4)",N40689,N55102,"p(8, 2);p(8, 1);p(8, 0);p(7, 0);p(6, 0);p(5, 0);p(4, 0);p(3, 0);p(2, 0);p(2, 1);p(2, 2);p(2, 3);p(2, 4);p(1, 4);p(0, 4);",0,3,14,24,TRUE,0,0,0,"1, 2, 3"
4ways_mirror,"(3, 6)",N71965,NA,,0,0,0,0,FALSE,0,0,9,
4ways_mirror,"(5, 6)",N55786,N71965,"p(3, 6);p(4, 6);p(5, 6);",0,1,2,2,FALSE,0,0,8,1
4ways_mirror,"(1, 4)",N68849,N71965,"p(3, 6);p(3, 5);p(3, 4);p(2, 4);p(1, 4);",0,1,4,4,FALSE,0,0,8,1
4ways_mirror,"(5, 1)",N87420,N71965,"p(3, 6);p(3, 5);p(3, 4);p(3, 3);p(3, 2);p(3, 1);p(4, 1);p(5, 1);",0,2,7,7,FALSE,0,0,7,"1, 2"
4ways_mirror,"(1, 1)",N28069,N71965,"p(3, 6);p(3, 5);p(3, 4);p(3, 3);p(3, 2);p(3, 1);p(2, 1);p(1, 1);",0,4,7,7,FALSE,0,0,5,"1, 1, 2, 2"
4ways_mirror,"(1, 4)",N68398,N55786,"p(5, 6);p(4, 6);p(3, 6);p(3, 5);p(3, 4);p(2, 4);p(1, 4);",0,1,6,8,FALSE,0,0,7,1
4ways_mirror,"(5, 1)",N22049,N55786,"p(5, 6);p(4, 6);p(3, 6);p(3, 5);p(3, 4);p(3, 3);p(3, 2);p(3, 1);p(4, 1);p(5, 1);",0,2,9,11,FALSE,0,0,6,"1, 2"
4ways_mirror,"(1, 1)",N79058,N55786,"p(5, 6);p(4, 6);p(3, 6);p(3, 5);p(3, 4);p(3, 3);p(3, 2);p(3, 1);p(2, 1);p(1, 1);",0,4,9,11,FALSE,0,0,4,"1, 1, 2, 2"
4ways_mirror,"(1, 5)",N28828,N68849,"p(1, 4);p(1, 5);",0,1,1,5,FALSE,0,0,7,1
4ways_mirror,"(5, 6)",N48426,N68849,"p(1, 4);p(2, 4);p(3, 4);p(3, 5);p(3, 6);p(4, 6);p(5, 6);",0,1,6,10,FALSE,0,0,7,1
4ways_mirror,"(5, 1)",N16410,N68849,"p(1, 4);p(2, 4);p(3, 4);p(3, 3);p(3, 2);p(3, 1);p(4, 1);p(5, 1);",0,2,7,11,FALSE,0,0,6,"1, 2"
4ways_mirror,"(1, 1)",N53771,N68849,"p(1, 4);p(2, 4);p(3, 4);p(3, 3);p(3, 2);p(3, 1);p(2, 1);p(1, 1);",0,4,7,11,FALSE,0,0,4,"1, 1, 2, 2"
4ways_mirror,"(1, 1)",N90986,N87420,"p(5, 1);p(4, 1);p(3, 1);p(2, 1);p(1, 1);",0,4,4,11,FALSE,0,0,3,"1, 1, 2, 2"
4ways_mirror,"(1, 4)",N68046,N87420,"p(5, 1);p(4, 1);p(3, 1);p(3, 2);p(3, 3);p(3, 4);p(2, 4);p(1, 4);",0,1,7,14,FALSE,0,0,6,1
4ways_mirror,"(5, 6)",N93564,N87420,"p(5, 1);p(4, 1);p(3, 1);p(3, 2);p(3, 3);p(3, 4);p(3, 5);p(3, 6);p(4, 6);p(5, 6);",0,1,9,16,FALSE,0,0,6,1
4ways_mirror,"(5, 1)",N21757,N28069,"p(1, 1);p(2, 1);p(3, 1);p(4, 1);p(5, 1);",0,2,4,11,FALSE,0,0,3,"1, 2"
4ways_mirror,"(1, 4)",N22145,N28069,"p(1, 1);p(2, 1);p(3, 1);p(3, 2);p(3, 3);p(3, 4);p(2, 4);p(1, 4);",0,1,7,14,FALSE,0,0,4,1
4ways_mirror,"(5, 6)",N71364,N28069,"p(1, 1);p(2, 1);p(3, 1);p(3, 2);p(3, 3);p(3, 4);p(3, 5);p(3, 6);p(4, 6);p(5, 6);",0,1,9,16,FALSE,0,0,4,1
4ways_mirror,"(1, 5)",N60588,N68398,"p(1, 4);p(1, 5);",0,1,1,9,FALSE,0,0,6,1
4ways_mirror,"(5, 1)",N23137,N68398,"p(1, 4);p(2, 4);p(3, 4);p(3, 3);p(3, 2);p(3, 1);p(4, 1);p(5, 1);",0,2,7,15,FALSE,0,0,5,"1, 2"
4ways_mirror,"(1, 1)",N79304,N68398,"p(1, 4);p(2, 4);p(3, 4);p(3, 3);p(3, 2);p(3, 1);p(2, 1);p(1, 1);",0,4,7,15,FALSE,0,0,3,"1, 1, 2, 2"
4ways_mirror,"(1, 1)",N94824,N22049,"p(5, 1);p(4, 1);p(3, 1);p(2, 1);p(1, 1);",0,4,4,15,FALSE,0,0,2,"1, 1, 2, 2"
4ways_mirror,"(1, 4)",N37493,N22049,"p(5, 1);p(4, 1);p(3, 1);p(3, 2);p(3, 3);p(3, 4);p(2, 4);p(1, 4);",0,1,7,18,FALSE,0,0,5,1
4ways_mirror,"(5, 1)",N46312,N79058,"p(1, 1);p(2, 1);p(3, 1);p(4, 1);p(5, 1);",0,2,4,15,FALSE,0,0,2,"1, 2"
4ways_mirror,"(1, 4)",N31173,N79058,"p(1, 1);p(2, 1);p(3, 1);p(3, 2);p(3, 3);p(3, 4);p(2, 4);p(1, 4);",0,1,7,18,FALSE,0,0,3,1
4ways_mirror,"(5, 6)",N75273,N28828,"p(1, 5);p(1, 4);p(2, 4);p(3, 4);p(3, 5);p(3, 6);p(4, 6);p(5, 6);",0,1,7,12,FALSE,0,0,6,1
4ways_mirror,"(5, 1)",N37033,N28828,"p(1, 5);p(1, 4);p(2, 4);p(3, 4);p(3, 3);p(3, 2);p(3, 1);p(4, 1);p(5, 1);",0,2,8,13,FALSE,0,0,5,"1, 2"
4ways_mirror,"(1, 1)",N88234,N28828,"p(1, 5);p(1, 4);p(2, 4);p(3, 4);p(3, 3);p(3, 2);p(3, 1);p(2, 1);p(1, 1);",0,4,8,13,FALSE,0,0,3,"1, 1, 2, 2"
4ways_mirror,"(1, 5)",N41451,N48426,"p(5, 6);p(4, 6);p(3, 6);p(3, 5);p(3, 4);p(2, 4);p(1, 4);p(1, 5);",0,1,7,17,FALSE,0,0,6,1
4ways_mirror,"(5, 1)",N27413,N48426,"p(5, 6);p(4, 6);p(3, 6);p(3, 5);p(3, 4);p(3, 3);p(3, 2);p(3, 1);p(4, 1);p(5, 1);",0,2,9,19,FALSE,0,0,5,"1, 2"
4ways_mirror,"(1, 1)",N45999,N48426,"p(5, 6);p(4, 6);p(3, 6);p(3, 5);p(3, 4);p(3, 3);p(3, 2);p(3, 1);p(2, 1);p(1, 1);",0,4,9,19,FALSE,0,0,3,"1, 1, 2, 2"
4ways_mirror,"(1, 1)",N32267,N16410,"p(5, 1);p(4, 1);p(3, 1);p(2, 1);p(1, 1);",0,4,4,15,FALSE,0,0,2,"1, 1, 2, 2"
4ways_mirror,"(1, 5)",N87145,N16410,"p(5, 1);p(4, 1);p(3, 1);p(3, 2);p(3, 3);p(3, 4);p(2, 4);p(1, 4);p(1, 5);",0,1,8,19,FALSE,0,0,5,1
4ways_mirror,"(5, 6)",N55789,N16410,"p(5, 1);p(4, 1);p(3, 1);p(3, 2);p(3, 3);p(3, 4);p(3, 5);p(3, 6);p(4, 6);p(5, 6);",0,1,9,20,FALSE,0,0,5,1
4ways_mirror,"(5, 1)",N38229,N53771,"p(1, 1);p(2, 1);p(3, 1);p(4, 1);p(5, 1);",0,2,4,15,FALSE,0,0,2,"1, 2"
4ways_mirror,"(1, 5)",N15390,N53771,"p(1, 1);p(2, 1);p(3, 1);p(3, 2);p(3, 3);p(3, 4);p(2, 4);p(1, 4);p(1, 5);",0,1,8,19,FALSE,0,0,3,1
4ways_mirror,"(5, 6)",N65464,N53771,"p(1, 1);p(2, 1);p(3, 1);p(3, 2);p(3, 3);p(3, 4);p(3, 5);p(3, 6);p(4, 6);p(5, 6);",0,1,9,20,FALSE,0,0,3,1
4ways_mirror,"(1, 4)",N21041,N90986,"p(1, 1);p(2, 1);p(3, 1);p(3, 2);p(3, 3);p(3, 4);p(2, 4);p(1, 4);",0,1,7,18,FALSE,0,0,2,1
4ways_mirror,"(5, 6)",N47798,N90986,"p(1, 1);p(2, 1);p(3, 1);p(3, 2);p(3, 3);p(3, 4);p(3, 5);p(3, 6);p(4, 6);p(5, 6);",0,1,9,20,FALSE,0,0,2,1
4ways_mirror,"(1, 5)",N53960,N68046,"p(1, 4);p(1, 5);",0,1,1,15,FALSE,0,0,5,1
4ways_mirror,"(5, 6)",N42350,N68046,"p(1, 4);p(2, 4);p(3, 4);p(3, 5);p(3, 6);p(4, 6);p(5, 6);",0,1,6,20,FALSE,0,0,5,1
4ways_mirror,"(1, 1)",N46824,N68046,"p(1, 4);p(2, 4);p(3, 4);p(3, 3);p(3, 2);p(3, 1);p(2, 1);p(1, 1);",0,4,7,21,FALSE,0,0,2,"1, 1, 2, 2"
4ways_mirror,"(1, 4)",N47858,N93564,"p(5, 6);p(4, 6);p(3, 6);p(3, 5);p(3, 4);p(2, 4);p(1, 4);",0,1,6,22,FALSE,0,0,5,1
4ways_mirror,"(1, 1)",N31791,N93564,"p(5, 6);p(4, 6);p(3, 6);p(3, 5);p(3, 4);p(3, 3);p(3, 2);p(3, 1);p(2, 1);p(1, 1);",0,4,9,25,FALSE,0,0,2,"1, 1, 2, 2"
4ways_mirror,"(1, 4)",N19849,N21757,"p(5, 1);p(4, 1);p(3, 1);p(3, 2);p(3, 3);p(3, 4);p(2, 4);p(1, 4);",0,1,7,18,FALSE,0,0,2,1
4ways_mirror,"(5, 6)",N36492,N21757,"p(5, 1);p(4, 1);p(3, 1);p(3, 2);p(3, 3);p(3, 4);p(3, 5);p(3, 6);p(4, 6);p(5, 6);",0,1,9,20,FALSE,0,0,2,1
4ways_mirror,"(1, 5)",N91361,N22145,"p(1, 4);p(1, 5);",0,1,1,15,FALSE,0,0,3,1
4ways_mirror,"(5, 6)",N78667,N22145,"p(1, 4);p(2, 4);p(3, 4);p(3, 5);p(3, 6);p(4, 6);p(5, 6);",0,1,6,20,FALSE,0,0,3,1
4ways_mirror,"(5, 1)",N30701,N22145,"p(1, 4);p(2, 4);p(3, 4);p(3, 3);p(3, 2);p(3, 1);p(4, 1);p(5, 1);",0,2,7,21,FALSE,0,0,2,"1, 2"
4ways_mirror,"(1, 4)",N79447,N71364,"p(5, 6);p(4, 6);p(3, 6);p(3, 5);p(3, 4);p(2, 4);p(1, 4);",0,1,6,22,FALSE,0,0,3,1
4ways_mirror,"(5, 1)",N18846,N71364,"p(5, 6);p(4, 6);p(3, 6);p(3, 5);p(3, 4);p(3, 3);p(3, 2);p(3, 1);p(4, 1);p(5, 1);",0,2,9,25,FALSE,0,0,2,"1, 2"
4ways_mirror,"(5, 1)",N60795,N60588,"p(1, 5);p(1, 4);p(2, 4);p(3, 4);p(3, 3);p(3, 2);p(3, 1);p(4, 1);p(5, 1);",0,2,8,17,FALSE,0,0,4,"1, 2"
4ways_mirror,"(1, 1)",N29964,N60588,"p(1, 5);p(1, 4);p(2, 4);p(3, 4);p(3, 3);p(3, 2);p(3, 1);p(2, 1);p(1, 1);",0,4,8,17,FALSE,0,0,2,"1, 1, 2, 2"
4ways_mirror,"(1, 1)",N74083,N23137,"p(5, 1);p(4, 1);p(3, 1);p(2, 1);p(1, 1);",0,4,4,19,FALSE,0,0,1,"1, 1, 2, 2"
4ways_mirror,"(1, 5)",N52837,N23137,"p(5, 1);p(4, 1);p(3, 1);p(3, 2);p(3, 3);p(3, 4);p(2, 4);p(1, 4);p(1, 5);",0,1,8,23,FALSE,0,0,4,1
4ways_mirror,"(5, 1)",N96924,N79304,"p(1, 1);p(2, 1);p(3, 1);p(4, 1);p(5, 1);",0,2,4,19,FALSE,0,0,1,"1, 2"
4ways_mirror,"(1, 5)",N54084,N79304,"p(1, 1);p(2, 1);p(3, 1);p(3, 2);p(3, 3);p(3, 4);p(2, 4);p(1, 4);p(1, 5);",0,1,8,23,FALSE,0,0,2,1
4ways_mirror,"(1, 4)",N49922,N94824,"p(1, 1);p(2, 1);p(3, 1);p(3, 2);p(3, 3);p(3, 4);p(2, 4);p(1, 4);",0,1,7,22,FALSE,0,0,1,1
4ways_mirror,"(1, 5)",N63557,N37493,"p(1, 4);p(1, 5);",0,1,1,19,FALSE,0,0,4,1
4ways_mirror,"(1, 1)",N26073,N37493,"p(1, 4);p(2, 4);p(3, 4);p(3, 3);p(3, 2);p(3, 1);p(2, 1);p(1, 1);",0,4,7,25,FALSE,0,0,1,"1, 1, 2, 2"
4ways_mirror,"(1, 4)",N93722,N46312,"p(5, 1);p(4, 1);p(3, 1);p(3, 2);p(3, 3);p(3, 4);p(2, 4);p(1, 4);",0,1,7,22,FALSE,0,0,1,1
4ways_mirror,"(1, 5)",N87853,N31173,"p(1, 4);p(1, 5);",0,1,1,19,FALSE,0,0,2,1
4ways_mirror,"(5, 1)",N87991,N31173,"p(1, 4);p(2, 4);p(3, 4);p(3, 3);p(3, 2);p(3, 1);p(4, 1);p(5, 1);",0,2,7,25,FALSE,0,0,1,"1, 2"
4ways_mirror,"(5, 1)",N29231,N75273,"p(5, 6);p(4, 6);p(3, 6);p(3, 5);p(3, 4);p(3, 3);p(3, 2);p(3, 1);p(4, 1);p(5, 1);",0,2,9,21,FALSE,0,0,4,"1, 2"
4ways_mirror,"(1, 1)",N70739,N75273,"p(5, 6);p(4, 6);p(3, 6);p(3, 5);p(3, 4);p(3, 3);p(3, 2);p(3, 1);p(2, 1);p(1, 1);",0,4,9,21,FALSE,0,0,2,"1, 1, 2, 2"
4ways_mirror,"(1, 1)",N47116,N37033,"p(5, 1);p(4, 1);p(3, 1);p(2, 1);p(1, 1);",0,4,4,17,FALSE,0,0,1,"1, 1, 2, 2"
4ways_mirror,"(5, 6)",N30208,N37033,"p(5, 1);p(4, 1);p(3, 1);p(3, 2);p(3, 3);p(3, 4);p(3, 5);p(3, 6);p(4, 6);p(5, 6);",0,1,9,22,FALSE,0,0,4,1
4ways_mirror,"(5, 1)",N36457,N88234,"p(1, 1);p(2, 1);p(3, 1);p(4, 1);p(5, 1);",0,2,4,17,FALSE,0,0,1,"1, 2"
4ways_mirror,"(5, 6)",N93228,N88234,"p(1, 1);p(2, 1);p(3, 1);p(3, 2);p(3, 3);p(3, 4);p(3, 5);p(3, 6);p(4, 6);p(5, 6);",0,1,9,22,FALSE,0,0,2,1
4ways_mirror,"(5, 1)",N22471,N41451,"p(1, 5);p(1, 4);p(2, 4);p(3, 4);p(3, 3);p(3, 2);p(3, 1);p(4, 1);p(5, 1);",0,2,8,25,FALSE,0,0,4,"1, 2"
4ways_mirror,"(1, 1)",N31588,N41451,"p(1, 5);p(1, 4);p(2, 4);p(3, 4);p(3, 3);p(3, 2);p(3, 1);p(2, 1);p(1, 1);",0,4,8,25,FALSE,0,0,2,"1, 1, 2, 2"
4ways_mirror,"(1, 1)",N80310,N27413,"p(5, 1);p(4, 1);p(3, 1);p(2, 1);p(1, 1);",0,4,4,23,FALSE,0,0,1,"1, 1, 2, 2"
4ways_mirror,"(1, 5)",N40338,N27413,"p(5, 1);p(4, 1);p(3, 1);p(3, 2);p(3, 3);p(3, 4);p(2, 4);p(1, 4);p(1, 5);",0,1,8,27,FALSE,0,0,4,1
4ways_mirror,"(5, 1)",N49560,N45999,"p(1, 1);p(2, 1);p(3, 1);p(4, 1);p(5, 1);",0,2,4,23,FALSE,0,0,1,"1, 2"
4ways_mirror,"(1, 5)",N24311,N45999,"p(1, 1);p(2, 1);p(3, 1);p(3, 2);p(3, 3);p(3, 4);p(2, 4);p(1, 4);p(1, 5);",0,1,8,27,FALSE,0,0,2,1
4ways_mirror,"(1, 5)",N57126,N32267,"p(1, 1);p(2, 1);p(3, 1);p(3, 2);p(3, 3);p(3, 4);p(2, 4);p(1, 4);p(1, 5);",0,1,8,23,FALSE,0,0,1,1
4ways_mirror,"(5, 6)",N79544,N32267,"p(1, 1);p(2, 1);p(3, 1);p(3, 2);p(3, 3);p(3, 4);p(3, 5);p(3, 6);p(4, 6);p(5, 6);",0,1,9,24,FALSE,0,0,1,1
4ways_mirror,"(5, 6)",N47247,N87145,"p(1, 5);p(1, 4);p(2, 4);p(3, 4);p(3, 5);p(3, 6);p(4, 6);p(5, 6);",0,1,7,26,FALSE,0,0,4,1
4ways_mirror,"(1, 1)",N56814,N87145,"p(1, 5);p(1, 4);p(2, 4);p(3, 4);p(3, 3);p(3, 2);p(3, 1);p(2, 1);p(1, 1);",0,4,8,27,FALSE,0,0,1,"1, 1, 2, 2"
4ways_mirror,"(1, 5)",N65639,N55789,"p(5, 6);p(4, 6);p(3, 6);p(3, 5);p(3, 4);p(2, 4);p(1, 4);p(1, 5);",0,1,7,27,FALSE,0,0,4,1
4ways_mirror,"(1, 1)",N65017,N55789,"p(5, 6);p(4, 6);p(3, 6);p(3, 5);p(3, 4);p(3, 3);p(3, 2);p(3, 1);p(2, 1);p(1, 1);",0,4,9,29,FALSE,0,0,1,"1, 1, 2, 2"
4ways_mirror,"(1, 5)",N37405,N38229,"p(5, 1);p(4, 1);p(3, 1);p(3, 2);p(3, 3);p(3, 4);p(2, 4);p(1, 4);p(1, 5);",0,1,8,23,FALSE,0,0,1,1
4ways_mirror,"(5, 6)",N17573,N38229,"p(5, 1);p(4, 1);p(3, 1);p(3, 2);p(3, 3);p(3, 4);p(3, 5);p(3, 6);p(4, 6);p(5, 6);",0,1,9,24,FALSE,0,0,1,1
4ways_mirror,"(5, 6)",N51337,N15390,"p(1, 5);p(1, 4);p(2, 4);p(3, 4);p(3, 5);p(3, 6);p(4, 6);p(5, 6);",0,1,7,26,FALSE,0,0,2,1
4ways_mirror,"(5, 1)",N62990,N15390,"p(1, 5);p(1, 4);p(2, 4);p(3, 4);p(3, 3);p(3, 2);p(3, 1);p(4, 1);p(5, 1);",0,2,8,27,FALSE,0,0,1,"1, 2"
4ways_mirror,"(1, 5)",N61864,N65464,"p(5, 6);p(4, 6);p(3, 6);p(3, 5);p(3, 4);p(2, 4);p(1, 4);p(1, 5);",0,1,7,27,FALSE,0,0,2,1
4ways_mirror,"(5, 1)",N89454,N65464,"p(5, 6);p(4, 6);p(3, 6);p(3, 5);p(3, 4);p(3, 3);p(3, 2);p(3, 1);p(4, 1);p(5, 1);",0,2,9,29,FALSE,0,0,1,"1, 2"
4ways_mirror,"(1, 5)",N48290,N21041,"p(1, 4);p(1, 5);",0,1,1,19,FALSE,0,0,1,1
4ways_mirror,"(5, 6)",N40989,N21041,"p(1, 4);p(2, 4);p(3, 4);p(3, 5);p(3, 6);p(4, 6);p(5, 6);",0,1,6,24,FALSE,0,0,1,1
4ways_mirror,"(1, 4)",N44794,N47798,"p(5, 6);p(4, 6);p(3, 6);p(3, 5);p(3, 4);p(2, 4);p(1, 4);",0,1,6,26,FALSE,0,0,1,1
4ways_mirror,"(5, 6)",N81689,N53960,"p(1, 5);p(1, 4);p(2, 4);p(3, 4);p(3, 5);p(3, 6);p(4, 6);p(5, 6);",0,1,7,22,FALSE,0,0,4,1
4ways_mirror,"(1, 1)",N32447,N53960,"p(1, 5);p(1, 4);p(2, 4);p(3, 4);p(3, 3);p(3, 2);p(3, 1);p(2, 1);p(1, 1);",0,4,8,23,FALSE,0,0,1,"1, 1, 2, 2"
4ways_mirror,"(1, 5)",N29704,N42350,"p(5, 6);p(4, 6);p(3, 6);p(3, 5);p(3, 4);p(2, 4);p(1, 4);p(1, 5);",0,1,7,27,FALSE,0,0,4,1
4ways_mirror,"(1, 1)",N58755,N42350,"p(5, 6);p(4, 6);p(3, 6);p(3, 5);p(3, 4);p(3, 3);p(3, 2);p(3, 1);p(2, 1);p(1, 1);",0,4,9,29,FALSE,0,0,1,"1, 1, 2, 2"
4ways_mirror,"(1, 5)",N89645,N46824,"p(1, 1);p(2, 1);p(3, 1);p(3, 2);p(3, 3);p(3, 4);p(2, 4);p(1, 4);p(1, 5);",0,1,8,29,FALSE,0,0,1,1
4ways_mirror,"(5, 6)",N47373,N46824,"p(1, 1);p(2, 1);p(3, 1);p(3, 2);p(3, 3);p(3, 4);p(3, 5);p(3, 6);p(4, 6);p(5, 6);",0,1,9,30,FALSE,0,0,1,1
4ways_mirror,"(1, 5)",N73898,N47858,"p(1, 4);p(1, 5);",0,1,1,23,FALSE,0,0,4,1
4ways_mirror,"(1, 1)",N23123,N47858,"p(1, 4);p(2, 4);p(3, 4);p(3, 3);p(3, 2);p(3, 1);p(2, 1);p(1, 1);",0,4,7,29,FALSE,0,0,1,"1, 1, 2, 2"
4ways_mirror,"(1, 4)",N63613,N31791,"p(1, 1);p(2, 1);p(3, 1);p(3, 2);p(3, 3);p(3, 4);p(2, 4);p(1, 4);",0,1,7,32,FALSE,0,0,1,1
4ways_mirror,"(1, 5)",N53360,N19849,"p(1, 4);p(1, 5);",0,1,1,19,FALSE,0,0,1,1
4ways_mirror,"(5, 6)",N46264,N19849,"p(1, 4);p(2, 4);p(3, 4);p(3, 5);p(3, 6);p(4, 6);p(5, 6);",0,1,6,24,FALSE,0,0,1,1
4ways_mirror,"(1, 4)",N58405,N36492,"p(5, 6);p(4, 6);p(3, 6);p(3, 5);p(3, 4);p(2, 4);p(1, 4);",0,1,6,26,FALSE,0,0,1,1
4ways_mirror,"(5, 6)",N32948,N91361,"p(1, 5);p(1, 4);p(2, 4);p(3, 4);p(3, 5);p(3, 6);p(4, 6);p(5, 6);",0,1,7,22,FALSE,0,0,2,1
4ways_mirror,"(5, 1)",N52201,N91361,"p(1, 5);p(1, 4);p(2, 4);p(3, 4);p(3, 3);p(3, 2);p(3, 1);p(4, 1);p(5, 1);",0,2,8,23,FALSE,0,0,1,"1, 2"
4ways_mirror,"(1, 5)",N17951,N78667,"p(5, 6);p(4, 6);p(3, 6);p(3, 5);p(3, 4);p(2, 4);p(1, 4);p(1, 5);",0,1,7,27,FALSE,0,0,2,1
4ways_mirror,"(5, 1)",N99164,N78667,"p(5, 6);p(4, 6);p(3, 6);p(3, 5);p(3, 4);p(3, 3);p(3, 2);p(3, 1);p(4, 1);p(5, 1);",0,2,9,29,FALSE,0,0,1,"1, 2"
4ways_mirror,"(1, 5)",N89074,N30701,"p(5, 1);p(4, 1);p(3, 1);p(3, 2);p(3, 3);p(3, 4);p(2, 4);p(1, 4);p(1, 5);",0,1,8,29,FALSE,0,0,1,1
4ways_mirror,"(5, 6)",N55188,N30701,"p(5, 1);p(4, 1);p(3, 1);p(3, 2);p(3, 3);p(3, 4);p(3, 5);p(3, 6);p(4, 6);p(5, 6);",0,1,9,30,FALSE,0,0,1,1
4ways_mirror,"(1, 5)",N95306,N79447,"p(1, 4);p(1, 5);",0,1,1,23,FALSE,0,0,2,1
4ways_mirror,"(5, 1)",N50638,N79447,"p(1, 4);p(2, 4);p(3, 4);p(3, 3);p(3, 2);p(3, 1);p(4, 1);p(5, 1);",0,2,7,29,FALSE,0,0,1,"1, 2"
4ways_mirror,"(1, 4)",N79130,N18846,"p(5, 1);p(4, 1);p(3, 1);p(3, 2);p(3, 3);p(3, 4);p(2, 4);p(1, 4);",0,1,7,32,FALSE,0,0,1,1
4ways_mirror,"(1, 1)",N21435,N60795,"p(5, 1);p(4, 1);p(3, 1);p(2, 1);p(1, 1);",0,4,4,21,TRUE,0,0,0,"1, 1, 2, 2"
4ways_mirror,"(5, 1)",N81758,N29964,"p(1, 1);p(2, 1);p(3, 1);p(4, 1);p(5, 1);",0,2,4,21,TRUE,0,0,0,"1, 2"
4ways_mirror,"(1, 5)",N32005,N74083,"p(1, 1);p(2, 1);p(3, 1);p(3, 2);p(3, 3);p(3, 4);p(2, 4);p(1, 4);p(1, 5);",0,1,8,27,TRUE,0,0,0,1
4ways_mirror,"(1, 1)",N28159,N52837,"p(1, 5);p(1, 4);p(2, 4);p(3, 4);p(3, 3);p(3, 2);p(3, 1);p(2, 1);p(1, 1);",0,4,8,31,TRUE,0,0,0,"1, 1, 2, 2"
4ways_mirror,"(1, 5)",N32550,N96924,"p(5, 1);p(4, 1);p(3, 1);p(3, 2);p(3, 3);p(3, 4);p(2, 4);p(1, 4);p(1, 5);",0,1,8,27,TRUE,0,0,0,1
4ways_mirror,"(5, 1)",N57284,N54084,"p(1, 5);p(1, 4);p(2, 4);p(3, 4);p(3, 3);p(3, 2);p(3, 1);p(4, 1);p(5, 1);",0,2,8,31,TRUE,0,0,0,"1, 2"
4ways_mirror,"(1, 5)",N51198,N49922,"p(1, 4);p(1, 5);",0,1,1,23,TRUE,0,0,0,1
4ways_mirror,"(1, 1)",N53143,N63557,"p(1, 5);p(1, 4);p(2, 4);p(3, 4);p(3, 3);p(3, 2);p(3, 1);p(2, 1);p(1, 1);",0,4,8,27,TRUE,0,0,0,"1, 1, 2, 2"
4ways_mirror,"(1, 5)",N34327,N26073,"p(1, 1);p(2, 1);p(3, 1);p(3, 2);p(3, 3);p(3, 4);p(2, 4);p(1, 4);p(1, 5);",0,1,8,33,TRUE,0,0,0,1
4ways_mirror,"(1, 5)",N13509,N93722,"p(1, 4);p(1, 5);",0,1,1,23,TRUE,0,0,0,1
4ways_mirror,"(5, 1)",N79959,N87853,"p(1, 5);p(1, 4);p(2, 4);p(3, 4);p(3, 3);p(3, 2);p(3, 1);p(4, 1);p(5, 1);",0,2,8,27,TRUE,0,0,0,"1, 2"
4ways_mirror,"(1, 5)",N64524,N87991,"p(5, 1);p(4, 1);p(3, 1);p(3, 2);p(3, 3);p(3, 4);p(2, 4);p(1, 4);p(1, 5);",0,1,8,33,TRUE,0,0,0,1
4ways_mirror,"(1, 1)",N59913,N29231,"p(5, 1);p(4, 1);p(3, 1);p(2, 1);p(1, 1);",0,4,4,25,TRUE,0,0,0,"1, 1, 2, 2"
4ways_mirror,"(5, 1)",N73643,N70739,"p(1, 1);p(2, 1);p(3, 1);p(4, 1);p(5, 1);",0,2,4,25,TRUE,0,0,0,"1, 2"
4ways_mirror,"(5, 6)",N15917,N47116,"p(1, 1);p(2, 1);p(3, 1);p(3, 2);p(3, 3);p(3, 4);p(3, 5);p(3, 6);p(4, 6);p(5, 6);",0,1,9,26,TRUE,0,0,0,1
4ways_mirror,"(1, 1)",N67723,N30208,"p(5, 6);p(4, 6);p(3, 6);p(3, 5);p(3, 4);p(3, 3);p(3, 2);p(3, 1);p(2, 1);p(1, 1);",0,4,9,31,TRUE,0,0,0,"1, 1, 2, 2"
4ways_mirror,"(5, 6)",N24636,N36457,"p(5, 1);p(4, 1);p(3, 1);p(3, 2);p(3, 3);p(3, 4);p(3, 5);p(3, 6);p(4, 6);p(5, 6);",0,1,9,26,TRUE,0,0,0,1
4ways_mirror,"(5, 1)",N46554,N93228,"p(5, 6);p(4, 6);p(3, 6);p(3, 5);p(3, 4);p(3, 3);p(3, 2);p(3, 1);p(4, 1);p(5, 1);",0,2,9,31,TRUE,0,0,0,"1, 2"
4ways_mirror,"(1, 1)",N11274,N22471,"p(5, 1);p(4, 1);p(3, 1);p(2, 1);p(1, 1);",0,4,4,29,TRUE,0,0,0,"1, 1, 2, 2"
4ways_mirror,"(5, 1)",N25430,N31588,"p(1, 1);p(2, 1);p(3, 1);p(4, 1);p(5, 1);",0,2,4,29,TRUE,0,0,0,"1, 2"
4ways_mirror,"(1, 5)",N77386,N80310,"p(1, 1);p(2, 1);p(3, 1);p(3, 2);p(3, 3);p(3, 4);p(2, 4);p(1, 4);p(1, 5);",0,1,8,31,TRUE,0,0,0,1
4ways_mirror,"(1, 1)",N13504,N40338,"p(1, 5);p(1, 4);p(2, 4);p(3, 4);p(3, 3);p(3, 2);p(3, 1);p(2, 1);p(1, 1);",0,4,8,35,TRUE,0,0,0,"1, 1, 2, 2"
4ways_mirror,"(1, 5)",N93188,N49560,"p(5, 1);p(4, 1);p(3, 1);p(3, 2);p(3, 3);p(3, 4);p(2, 4);p(1, 4);p(1, 5);",0,1,8,31,TRUE,0,0,0,1
4ways_mirror,"(5, 1)",N37544,N24311,"p(1, 5);p(1, 4);p(2, 4);p(3, 4);p(3, 3);p(3, 2);p(3, 1);p(4, 1);p(5, 1);",0,2,8,35,TRUE,0,0,0,"1, 2"
4ways_mirror,"(5, 6)",N95210,N57126,"p(1, 5);p(1, 4);p(2, 4);p(3, 4);p(3, 5);p(3, 6);p(4, 6);p(5, 6);",0,1,7,30,TRUE,0,0,0,1
4ways_mirror,"(1, 5)",N19952,N79544,"p(5, 6);p(4, 6);p(3, 6);p(3, 5);p(3, 4);p(2, 4);p(1, 4);p(1, 5);",0,1,7,31,TRUE,0,0,0,1
4ways_mirror,"(1, 1)",N90150,N47247,"p(5, 6);p(4, 6);p(3, 6);p(3, 5);p(3, 4);p(3, 3);p(3, 2);p(3, 1);p(2, 1);p(1, 1);",0,4,9,35,TRUE,0,0,0,"1, 1, 2, 2"
4ways_mirror,"(5, 6)",N47030,N56814,"p(1, 1);p(2, 1);p(3, 1);p(3, 2);p(3, 3);p(3, 4);p(3, 5);p(3, 6);p(4, 6);p(5, 6);",0,1,9,36,TRUE,0,0,0,1
4ways_mirror,"(1, 1)",N44259,N65639,"p(1, 5);p(1, 4);p(2, 4);p(3, 4);p(3, 3);p(3, 2);p(3, 1);p(2, 1);p(1, 1);",0,4,8,35,TRUE,0,0,0,"1, 1, 2, 2"
4ways_mirror,"(1, 5)",N58478,N65017,"p(1, 1);p(2, 1);p(3, 1);p(3, 2);p(3, 3);p(3, 4);p(2, 4);p(1, 4);p(1, 5);",0,1,8,37,TRUE,0,0,0,1
4ways_mirror,"(5, 6)",N61508,N37405,"p(1, 5);p(1, 4);p(2, 4);p(3, 4);p(3, 5);p(3, 6);p(4, 6);p(5, 6);",0,1,7,30,TRUE,0,0,0,1
4ways_mirror,"(1, 5)",N32123,N17573,"p(5, 6);p(4, 6);p(3, 6);p(3, 5);p(3, 4);p(2, 4);p(1, 4);p(1, 5);",0,1,7,31,TRUE,0,0,0,1
4ways_mirror,"(5, 1)",N32425,N51337,"p(5, 6);p(4, 6);p(3, 6);p(3, 5);p(3, 4);p(3, 3);p(3, 2);p(3, 1);p(4, 1);p(5, 1);",0,2,9,35,TRUE,0,0,0,"1, 2"
4ways_mirror,"(5, 6)",N99879,N62990,"p(5, 1);p(4, 1);p(3, 1);p(3, 2);p(3, 3);p(3, 4);p(3, 5);p(3, 6);p(4, 6);p(5, 6);",0,1,9,36,TRUE,0,0,0,1
4ways_mirror,"(5, 1)",N64329,N61864,"p(1, 5);p(1, 4);p(2, 4);p(3, 4);p(3, 3);p(3, 2);p(3, 1);p(4, 1);p(5, 1);",0,2,8,35,TRUE,0,0,0,"1, 2"
4ways_mirror,"(1, 5)",N43442,N89454,"p(5, 1);p(4, 1);p(3, 1);p(3, 2);p(3, 3);p(3, 4);p(2, 4);p(1, 4);p(1, 5);",0,1,8,37,TRUE,0,0,0,1
4ways_mirror,"(5, 6)",N97987,N48290,"p(1, 5);p(1, 4);p(2, 4);p(3, 4);p(3, 5);p(3, 6);p(4, 6);p(5, 6);",0,1,7,26,TRUE,0,0,0,1
4ways_mirror,"(1, 5)",N65522,N40989,"p(5, 6);p(4, 6);p(3, 6);p(3, 5);p(3, 4);p(2, 4);p(1, 4);p(1, 5);",0,1,7,31,TRUE,0,0,0,1
4ways_mirror,"(1, 5)",N52164,N44794,"p(1, 4);p(1, 5);",0,1,1,27,TRUE,0,0,0,1
4ways_mirror,"(1, 1)",N59561,N81689,"p(5, 6);p(4, 6);p(3, 6);p(3, 5);p(3, 4);p(3, 3);p(3, 2);p(3, 1);p(2, 1);p(1, 1);",0,4,9,31,TRUE,0,0,0,"1, 1, 2, 2"
4ways_mirror,"(5, 6)",N68746,N32447,"p(1, 1);p(2, 1);p(3, 1);p(3, 2);p(3, 3);p(3, 4);p(3, 5);p(3, 6);p(4, 6);p(5, 6);",0,1,9,32,TRUE,0,0,0,1
4ways_mirror,"(1, 1)",N90280,N29704,"p(1, 5);p(1, 4);p(2, 4);p(3, 4);p(3, 3);p(3, 2);p(3, 1);p(2, 1);p(1, 1);",0,4,8,35,TRUE,0,0,0,"1, 1, 2, 2"
4ways_mirror,"(1, 5)",N10200,N58755,"p(1, 1);p(2, 1);p(3, 1);p(3, 2);p(3, 3);p(3, 4);p(2, 4);p(1, 4);p(1, 5);",0,1,8,37,TRUE,0,0,0,1
4ways_mirror,"(5, 6)",N25772,N89645,"p(1, 5);p(1, 4);p(2, 4);p(3, 4);p(3, 5);p(3, 6);p(4, 6);p(5, 6);",0,1,7,36,TRUE,0,0,0,1
4ways_mirror,"(1, 5)",N18644,N47373,"p(5, 6);p(4, 6);p(3, 6);p(3, 5);p(3, 4);p(2, 4);p(1, 4);p(1, 5);",0,1,7,37,TRUE,0,0,0,1
4ways_mirror,"(1, 1)",N30619,N73898,"p(1, 5);p(1, 4);p(2, 4);p(3, 4);p(3, 3);p(3, 2);p(3, 1);p(2, 1);p(1, 1);",0,4,8,31,TRUE,0,0,0,"1, 1, 2, 2"
4ways_mirror,"(1, 5)",N54805,N23123,"p(1, 1);p(2, 1);p(3, 1);p(3, 2);p(3, 3);p(3, 4);p(2, 4);p(1, 4);p(1, 5);",0,1,8,37,TRUE,0,0,0,1
4ways_mirror,"(1, 5)",N20350,N63613,"p(1, 4);p(1, 5);",0,1,1,33,TRUE,0,0,0,1
4ways_mirror,"(5, 6)",N98376,N53360,"p(1, 5);p(1, 4);p(2, 4);p(3, 4);p(3, 5);p(3, 6);p(4, 6);p(5, 6);",0,1,7,26,TRUE,0,0,0,1
4ways_mirror,"(1, 5)",N99951,N46264,"p(5, 6);p(4, 6);p(3, 6);p(3, 5);p(3, 4);p(2, 4);p(1, 4);p(1, 5);",0,1,7,31,TRUE,0,0,0,1
4ways_mirror,"(1, 5)",N21612,N58405,"p(1, 4);p(1, 5);",0,1,1,27,TRUE,0,0,0,1
4ways_mirror,"(5, 1)",N27152,N32948,"p(5, 6);p(4, 6);p(3, 6);p(3, 5);p(3, 4);p(3, 3);p(3, 2);p(3, 1);p(4, 1);p(5, 1);",0,2,9,31,TRUE,0,0,0,"1, 2"
4ways_mirror,"(5, 6)",N22015,N52201,"p(5, 1);p(4, 1);p(3, 1);p(3, 2);p(3, 3);p(3, 4);p(3, 5);p(3, 6);p(4, 6);p(5, 6);",0,1,9,32,TRUE,0,0,0,1
4ways_mirror,"(5, 1)",N80408,N17951,"p(1, 5);p(1, 4);p(2, 4);p(3, 4);p(3, 3);p(3, 2);p(3, 1);p(4, 1);p(5, 1);",0,2,8,35,TRUE,0,0,0,"1, 2"
4ways_mirror,"(1, 5)",N18034,N99164,"p(5, 1);p(4, 1);p(3, 1);p(3, 2);p(3, 3);p(3, 4);p(2, 4);p(1, 4);p(1, 5);",0,1,8,37,TRUE,0,0,0,1
4ways_mirror,"(5, 6)",N24837,N89074,"p(1, 5);p(1, 4);p(2, 4);p(3, 4);p(3, 5);p(3, 6);p(4, 6);p(5, 6);",0,1,7,36,TRUE,0,0,0,1
4ways_mirror,"(1, 5)",N21131,N55188,"p(5, 6);p(4, 6);p(3, 6);p(3, 5);p(3, 4);p(2, 4);p(1, 4);p(1, 5);",0,1,7,37,TRUE,0,0,0,1
4ways_mirror,"(5, 1)",N73466,N95306,"p(1, 5);p(1, 4);p(2, 4);p(3, 4);p(3, 3);p(3, 2);p(3, 1);p(4, 1);p(5, 1);",0,2,8,31,TRUE,0,0,0,"1, 2"
4ways_mirror,"(1, 5)",N37675,N50638,"p(5, 1);p(4, 1);p(3, 1);p(3, 2);p(3, 3);p(3, 4);p(2, 4);p(1, 4);p(1, 5);",0,1,8,37,TRUE,0,0,0,1
4ways_mirror,"(1, 5)",N66425,N79130,"p(1, 4);p(1, 5);",0,1,1,33,TRUE,0,0,0,1
3ways_3_mirror,"(3, 4)",N20346,NA,,0,0,0,0,FALSE,0,0,9,
3ways_3_mirror,"(3, 6)",N38661,N20346,"p(3, 4);p(3, 5);p(3, 6);",0,2,2,2,FALSE,0,0,7,"1, 2"
3ways_3_mirror,"(5, 1)",N57426,N20346,"p(3, 4);p(3, 3);p(3, 2);p(3, 1);p(4, 1);p(5, 1);",0,2,5,5,FALSE,0,0,7,"1, 2"
3ways_3_mirror,"(1, 1)",N98561,N20346,"p(3, 4);p(3, 3);p(3, 2);p(3, 1);p(2, 1);p(1, 1);",0,4,5,5,FALSE,0,0,5,"1, 1, 2, 2"
3ways_3_mirror,"(5, 6)",N51373,N38661,"p(3, 6);p(4, 6);p(5, 6);",0,1,2,4,FALSE,0,0,6,1
3ways_3_mirror,"(5, 1)",N82112,N38661,"p(3, 6);p(3, 5);p(3, 4);p(3, 3);p(3, 2);p(3, 1);p(4, 1);p(5, 1);",0,2,7,9,FALSE,0,0,5,"1, 2"
3ways_3_mirror,"(1, 1)",N42857,N38661,"p(3, 6);p(3, 5);p(3, 4);p(3, 3);p(3, 2);p(3, 1);p(2, 1);p(1, 1);",0,4,7,9,FALSE,0,0,3,"1, 1, 2, 2"
3ways_3_mirror,"(1, 1)",N38351,N57426,"p(5, 1);p(4, 1);p(3, 1);p(2, 1);p(1, 1);",0,4,4,9,FALSE,0,0,3,"1, 1, 2, 2"
3ways_3_mirror,"(3, 6)",N48636,N57426,"p(5, 1);p(4, 1);p(3, 1);p(3, 2);p(3, 3);p(3, 4);p(3, 5);p(3, 6);",0,2,7,12,FALSE,0,0,5,"1, 2"
3ways_3_mirror,"(5, 1)",N92027,N98561,"p(1, 1);p(2, 1);p(3, 1);p(4, 1);p(5, 1);",0,2,4,9,FALSE,0,0,3,"1, 2"
3ways_3_mirror,"(3, 6)",N98315,N98561,"p(1, 1);p(2, 1);p(3, 1);p(3, 2);p(3, 3);p(3, 4);p(3, 5);p(3, 6);",0,2,7,12,FALSE,0,0,3,"1, 2"
3ways_3_mirror,"(5, 1)",N99885,N51373,"p(5, 6);p(4, 6);p(3, 6);p(3, 5);p(3, 4);p(3, 3);p(3, 2);p(3, 1);p(4, 1);p(5, 1);",0,2,9,13,FALSE,0,0,4,"1, 2"
3ways_3_mirror,"(1, 1)",N30323,N51373,"p(5, 6);p(4, 6);p(3, 6);p(3, 5);p(3, 4);p(3, 3);p(3, 2);p(3, 1);p(2, 1);p(1, 1);",0,4,9,13,FALSE,0,0,2,"1, 1, 2, 2"
3ways_3_mirror,"(1, 1)",N36667,N82112,"p(5, 1);p(4, 1);p(3, 1);p(2, 1);p(1, 1);",0,4,4,13,FALSE,0,0,1,"1, 1, 2, 2"
3ways_3_mirror,"(5, 6)",N12726,N82112,"p(5, 1);p(4, 1);p(3, 1);p(3, 2);p(3, 3);p(3, 4);p(3, 5);p(3, 6);p(4, 6);p(5, 6);",0,1,9,18,FALSE,0,0,4,1
3ways_3_mirror,"(5, 1)",N34852,N42857,"p(1, 1);p(2, 1);p(3, 1);p(4, 1);p(5, 1);",0,2,4,13,FALSE,0,0,1,"1, 2"
3ways_3_mirror,"(5, 6)",N18946,N42857,"p(1, 1);p(2, 1);p(3, 1);p(3, 2);p(3, 3);p(3, 4);p(3, 5);p(3, 6);p(4, 6);p(5, 6);",0,1,9,18,FALSE,0,0,2,1
3ways_3_mirror,"(3, 6)",N42666,N38351,"p(1, 1);p(2, 1);p(3, 1);p(3, 2);p(3, 3);p(3, 4);p(3, 5);p(3, 6);",0,2,7,16,FALSE,0,0,1,"1, 2"
3ways_3_mirror,"(5, 6)",N62524,N48636,"p(3, 6);p(4, 6);p(5, 6);",0,1,2,14,FALSE,0,0,4,1
3ways_3_mirror,"(1, 1)",N85330,N48636,"p(3, 6);p(3, 5);p(3, 4);p(3, 3);p(3, 2);p(3, 1);p(2, 1);p(1, 1);",0,4,7,19,FALSE,0,0,1,"1, 1, 2, 2"
3ways_3_mirror,"(3, 6)",N96409,N92027,"p(5, 1);p(4, 1);p(3, 1);p(3, 2);p(3, 3);p(3, 4);p(3, 5);p(3, 6);",0,2,7,16,FALSE,0,0,1,"1, 2"
3ways_3_mirror,"(5, 6)",N78143,N98315,"p(3, 6);p(4, 6);p(5, 6);",0,1,2,14,FALSE,0,0,2,1
3ways_3_mirror,"(5, 1)",N73577,N98315,"p(3, 6);p(3, 5);p(3, 4);p(3, 3);p(3, 2);p(3, 1);p(4, 1);p(5, 1);",0,2,7,19,FALSE,0,0,1,"1, 2"
3ways_3_mirror,"(1, 1)",N68966,N99885,"p(5, 1);p(4, 1);p(3, 1);p(2, 1);p(1, 1);",0,4,4,17,TRUE,0,0,0,"1, 1, 2, 2"
3ways_3_mirror,"(5, 1)",N41635,N30323,"p(1, 1);p(2, 1);p(3, 1);p(4, 1);p(5, 1);",0,2,4,17,TRUE,0,0,0,"1, 2"
3ways_3_mirror,"(5, 6)",N35644,N36667,"p(1, 1);p(2, 1);p(3, 1);p(3, 2);p(3, 3);p(3, 4);p(3, 5);p(3, 6);p(4, 6);p(5, 6);",0,1,9,22,TRUE,0,0,0,1
3ways_3_mirror,"(1, 1)",N53314,N12726,"p(5, 6);p(4, 6);p(3, 6);p(3, 5);p(3, 4);p(3, 3);p(3, 2);p(3, 1);p(2, 1);p(1, 1);",0,4,9,27,TRUE,0,0,0,"1, 1, 2, 2"
3ways_3_mirror,"(5, 6)",N95917,N34852,"p(5, 1);p(4, 1);p(3, 1);p(3, 2);p(3, 3);p(3, 4);p(3, 5);p(3, 6);p(4, 6);p(5, 6);",0,1,9,22,TRUE,0,0,0,1
3ways_3_mirror,"(5, 1)",N81024,N18946,"p(5, 6);p(4, 6);p(3, 6);p(3, 5);p(3, 4);p(3, 3);p(3, 2);p(3, 1);p(4, 1);p(5, 1);",0,2,9,27,TRUE,0,0,0,"1, 2"
3ways_3_mirror,"(5, 6)",N37464,N42666,"p(3, 6);p(4, 6);p(5, 6);",0,1,2,18,TRUE,0,0,0,1
3ways_3_mirror,"(1, 1)",N64282,N62524,"p(5, 6);p(4, 6);p(3, 6);p(3, 5);p(3, 4);p(3, 3);p(3, 2);p(3, 1);p(2, 1);p(1, 1);",0,4,9,23,TRUE,0,0,0,"1, 1, 2, 2"
3ways_3_mirror,"(5, 6)",N69091,N85330,"p(1, 1);p(2, 1);p(3, 1);p(3, 2);p(3, 3);p(3, 4);p(3, 5);p(3, 6);p(4, 6);p(5, 6);",0,1,9,28,TRUE,0,0,0,1
3ways_3_mirror,"(5, 6)",N51143,N96409,"p(3, 6);p(4, 6);p(5, 6);",0,1,2,18,TRUE,0,0,0,1
3ways_3_mirror,"(5, 1)",N33715,N78143,"p(5, 6);p(4, 6);p(3, 6);p(3, 5);p(3, 4);p(3, 3);p(3, 2);p(3, 1);p(4, 1);p(5, 1);",0,2,9,23,TRUE,0,0,0,"1, 2"
3ways_3_mirror,"(5, 6)",N52146,N73577,"p(5, 1);p(4, 1);p(3, 1);p(3, 2);p(3, 3);p(3, 4);p(3, 5);p(3, 6);p(4, 6);p(5, 6);",0,1,9,28,TRUE,0,0,0,1
Equal_4vs2_mirror,"(4, 0)",N96084,NA,,0,0,0,0,FALSE,0,0,6,
Equal_4vs2_mirror,"(4, 2)",N46118,N96084,"p(4, 0);p(4, 1);p(4, 2);",0,2,2,2,FALSE,0,0,4,"1, 1"
Equal_4vs2_mirror,"(1, 0)",N60971,N96084,"p(4, 0);p(3, 0);p(2, 0);p(1, 0);",0,4,3,3,FALSE,0,0,2,"1, 2, 2, 3"
Equal_4vs2_mirror,"(1, 0)",N61435,N46118,"p(4, 2);p(4, 1);p(4, 0);p(3, 0);p(2, 0);p(1, 0);",0,4,5,7,TRUE,0,0,0,"1, 2, 2, 3"
Equal_4vs2_mirror,"(4, 2)",N57780,N60971,"p(1, 0);p(2, 0);p(3, 0);p(4, 0);p(4, 1);p(4, 2);",0,2,5,8,TRUE,0,0,0,"1, 1"
Loop_2,"(7, 3)",N31422,NA,,0,0,0,0,FALSE,0,0,7,
Loop_2,"(7, 0)",N95626,N31422,"p(7, 3);p(7, 2);p(7, 1);p(7, 0);",0,1,3,3,FALSE,0,0,6,1
Loop_2,"(5, 0)",N65814,N31422,"p(7, 3);p(6, 3);p(5, 3);p(5, 2);p(5, 1);p(5, 0);",0,1,5,5,FALSE,0,0,6,1
Loop_2,"(1, 1)",N21081,N31422,"p(7, 3);p(6, 3);p(5, 3);p(5, 2);p(5, 1);p(4, 1);p(3, 1);p(2, 1);p(1, 1);",0,6,8,8,FALSE,0,0,1,"1, 1, 2, 2, 2, 3"
Loop_2,"(1, 1)",N11511,N95626,"p(7, 0);p(6, 0);p(5, 0);p(5, 1);p(4, 1);p(3, 1);p(2, 1);p(1, 1);",0,6,7,10,TRUE,0,0,0,"1, 1, 2, 2, 2, 3"
Loop_2,"(1, 1)",N71103,N65814,"p(5, 0);p(5, 1);p(4, 1);p(3, 1);p(2, 1);p(1, 1);",0,6,5,10,TRUE,0,0,0,"1, 1, 2, 2, 2, 3"
Loop_2,"(5, 0)",N94189,N21081,"p(1, 1);p(2, 1);p(3, 1);p(4, 1);p(5, 1);p(5, 0);",0,1,5,13,TRUE,0,0,0,1
Loop_2,"(7, 0)",N45730,N21081,"p(1, 1);p(2, 1);p(3, 1);p(4, 1);p(5, 1);p(5, 2);p(5, 3);p(6, 3);p(7, 3);p(7, 2);p(7, 1);p(7, 0);",0,1,11,19,TRUE,0,0,0,1
Loop_1_mirror,"(0, 0)",N75545,NA,,0,0,0,0,FALSE,0,0,7,
Loop_1_mirror,"(0, 3)",N24917,N75545,"p(0, 0);p(0, 1);p(0, 2);p(0, 3);",0,1,3,3,FALSE,0,0,6,1
Loop_1_mirror,"(2, 3)",N40181,N75545,"p(0, 0);p(1, 0);p(2, 0);p(2, 1);p(2, 2);p(2, 3);",0,1,5,5,FALSE,0,0,6,1
Loop_1_mirror,"(6, 1)",N24183,N75545,"p(0, 0);p(1, 0);p(2, 0);p(2, 1);p(3, 1);p(4, 1);p(5, 1);p(6, 1);",0,6,7,7,FALSE,0,0,1,"1, 1, 2, 2, 2, 3"
Loop_1_mirror,"(6, 1)",N59841,N24917,"p(0, 3);p(1, 3);p(2, 3);p(2, 2);p(2, 1);p(3, 1);p(4, 1);p(5, 1);p(6, 1);",0,6,8,11,TRUE,0,0,0,"1, 1, 2, 2, 2, 3"
Loop_1_mirror,"(6, 1)",N29371,N40181,"p(2, 3);p(2, 2);p(2, 1);p(3, 1);p(4, 1);p(5, 1);p(6, 1);",0,6,6,11,TRUE,0,0,0,"1, 1, 2, 2, 2, 3"
Loop_1_mirror,"(2, 3)",N91491,N24183,"p(6, 1);p(5, 1);p(4, 1);p(3, 1);p(2, 1);p(2, 2);p(2, 3);",0,1,6,13,TRUE,0,0,0,1
Loop_1_mirror,"(0, 3)",N94758,N24183,"p(6, 1);p(5, 1);p(4, 1);p(3, 1);p(2, 1);p(2, 0);p(1, 0);p(0, 0);p(0, 1);p(0, 2);p(0, 3);",0,1,10,17,TRUE,0,0,0,1
3ways_4_mirror,"(2, 2)",N40560,NA,,0,0,0,0,FALSE,0,0,8,
3ways_4_mirror,"(0, 2)",N34466,N40560,"p(2, 2);p(1, 2);p(0, 2);",0,2,2,2,FALSE,0,0,6,"1, 2"
3ways_4_mirror,"(5, 4)",N92681,N40560,"p(2, 2);p(3, 2);p(4, 2);p(5, 2);p(5, 3);p(5, 4);",0,4,5,5,FALSE,0,0,4,"1, 1, 2, 2"
3ways_4_mirror,"(5, 0)",N81346,N40560,"p(2, 2);p(3, 2);p(4, 2);p(5, 2);p(5, 1);p(5, 0);",0,2,5,5,FALSE,0,0,6,"1, 2"
3ways_4_mirror,"(5, 4)",N29622,N34466,"p(0, 2);p(1, 2);p(2, 2);p(3, 2);p(4, 2);p(5, 2);p(5, 3);p(5, 4);",0,4,7,9,FALSE,0,0,2,"1, 1, 2, 2"
3ways_4_mirror,"(5, 0)",N46583,N34466,"p(0, 2);p(1, 2);p(2, 2);p(3, 2);p(4, 2);p(5, 2);p(5, 1);p(5, 0);",0,2,7,9,FALSE,0,0,4,"1, 2"
3ways_4_mirror,"(5, 0)",N31638,N92681,"p(5, 4);p(5, 3);p(5, 2);p(5, 1);p(5, 0);",0,2,4,9,FALSE,0,0,2,"1, 2"
3ways_4_mirror,"(0, 2)",N67014,N92681,"p(5, 4);p(5, 3);p(5, 2);p(4, 2);p(3, 2);p(2, 2);p(1, 2);p(0, 2);",0,2,7,12,FALSE,0,0,2,"1, 2"
3ways_4_mirror,"(5, 4)",N70291,N81346,"p(5, 0);p(5, 1);p(5, 2);p(5, 3);p(5, 4);",0,4,4,9,FALSE,0,0,2,"1, 1, 2, 2"
3ways_4_mirror,"(0, 2)",N67187,N81346,"p(5, 0);p(5, 1);p(5, 2);p(4, 2);p(3, 2);p(2, 2);p(1, 2);p(0, 2);",0,2,7,12,FALSE,0,0,4,"1, 2"
3ways_4_mirror,"(5, 0)",N34762,N29622,"p(5, 4);p(5, 3);p(5, 2);p(5, 1);p(5, 0);",0,2,4,13,TRUE,0,0,0,"1, 2"
3ways_4_mirror,"(5, 4)",N88448,N46583,"p(5, 0);p(5, 1);p(5, 2);p(5, 3);p(5, 4);",0,4,4,13,TRUE,0,0,0,"1, 1, 2, 2"
3ways_4_mirror,"(0, 2)",N29488,N31638,"p(5, 0);p(5, 1);p(5, 2);p(4, 2);p(3, 2);p(2, 2);p(1, 2);p(0, 2);",0,2,7,16,TRUE,0,0,0,"1, 2"
3ways_4_mirror,"(5, 0)",N79523,N67014,"p(0, 2);p(1, 2);p(2, 2);p(3, 2);p(4, 2);p(5, 2);p(5, 1);p(5, 0);",0,2,7,19,TRUE,0,0,0,"1, 2"
3ways_4_mirror,"(0, 2)",N79813,N70291,"p(5, 4);p(5, 3);p(5, 2);p(4, 2);p(3, 2);p(2, 2);p(1, 2);p(0, 2);",0,2,7,16,TRUE,0,0,0,"1, 2"
3ways_4_mirror,"(5, 4)",N59632,N67187,"p(0, 2);p(1, 2);p(2, 2);p(3, 2);p(4, 2);p(5, 2);p(5, 3);p(5, 4);",0,4,7,19,TRUE,0,0,0,"1, 1, 2, 2"
Loop_1,"(7, 0)",N62643,NA,,0,0,0,0,FALSE,0,0,7,
Loop_1,"(7, 3)",N98452,N62643,"p(7, 0);p(7, 1);p(7, 2);p(7, 3);",0,1,3,3,FALSE,0,0,6,1
Loop_1,"(5, 3)",N30259,N62643,"p(7, 0);p(6, 0);p(5, 0);p(5, 1);p(5, 2);p(5, 3);",0,1,5,5,FALSE,0,0,6,1
Loop_1,"(1, 1)",N46040,N62643,"p(7, 0);p(6, 0);p(5, 0);p(5, 1);p(4, 1);p(3, 1);p(2, 1);p(1, 1);",0,6,7,7,FALSE,0,0,1,"1, 1, 2, 2, 2, 3"
Loop_1,"(1, 1)",N45342,N98452,"p(7, 3);p(6, 3);p(5, 3);p(5, 2);p(5, 1);p(4, 1);p(3, 1);p(2, 1);p(1, 1);",0,6,8,11,TRUE,0,0,0,"1, 1, 2, 2, 2, 3"
Loop_1,"(1, 1)",N59324,N30259,"p(5, 3);p(5, 2);p(5, 1);p(4, 1);p(3, 1);p(2, 1);p(1, 1);",0,6,6,11,TRUE,0,0,0,"1, 1, 2, 2, 2, 3"
Loop_1,"(5, 3)",N16375,N46040,"p(1, 1);p(2, 1);p(3, 1);p(4, 1);p(5, 1);p(5, 2);p(5, 3);",0,1,6,13,TRUE,0,0,0,1
Loop_1,"(7, 3)",N69766,N46040,"p(1, 1);p(2, 1);p(3, 1);p(4, 1);p(5, 1);p(5, 0);p(6, 0);p(7, 0);p(7, 1);p(7, 2);p(7, 3);",0,1,10,17,TRUE,0,0,0,1
Equal_6vs3_mirror,"(2, 4)",N36202,NA,,0,0,0,0,FALSE,0,0,9,
Equal_6vs3_mirror,"(2, 7)",N79961,N36202,"p(2, 4);p(2, 5);p(2, 6);p(2, 7);",0,3,3,3,FALSE,0,0,6,"1, 1, 2"
Equal_6vs3_mirror,"(5, 2)",N11570,N36202,"p(2, 4);p(2, 3);p(2, 2);p(3, 2);p(4, 2);p(5, 2);",0,4,5,5,FALSE,0,0,5,"1, 1, 2, 2"
Equal_6vs3_mirror,"(5, 2)",N23503,N79961,"p(2, 7);p(2, 6);p(2, 5);p(2, 4);p(2, 3);p(2, 2);p(3, 2);p(4, 2);p(5, 2);",0,4,8,11,FALSE,0,0,2,"1, 1, 2, 2"
Equal_6vs3_mirror,"(6, 2)",N88455,N11570,"p(5, 2);p(6, 2);",0,2,1,6,FALSE,0,0,3,"2, 2"
Equal_6vs3_mirror,"(6, 3)",N34903,N11570,"p(5, 2);p(5, 3);p(6, 3);",0,2,2,7,FALSE,0,0,3,"1, 3"
Equal_6vs3_mirror,"(6, 1)",N21423,N11570,"p(5, 2);p(5, 1);p(6, 1);",0,2,2,7,FALSE,0,0,3,"1, 3"
Equal_6vs3_mirror,"(2, 7)",N26950,N11570,"p(5, 2);p(4, 2);p(3, 2);p(2, 2);p(2, 3);p(2, 4);p(2, 5);p(2, 6);p(2, 7);",0,3,8,13,FALSE,0,0,2,"1, 1, 2"
Equal_6vs3_mirror,"(6, 2)",N12838,N23503,"p(5, 2);p(6, 2);",0,2,1,12,TRUE,0,0,0,"2, 2"
Equal_6vs3_mirror,"(6, 3)",N61379,N23503,"p(5, 2);p(5, 3);p(6, 3);",0,2,2,13,TRUE,0,0,0,"1, 3"
Equal_6vs3_mirror,"(6, 1)",N24217,N23503,"p(5, 2);p(5, 1);p(6, 1);",0,2,2,13,TRUE,0,0,0,"1, 3"
Equal_6vs3_mirror,"(2, 7)",N50107,N88455,"p(6, 2);p(5, 2);p(4, 2);p(3, 2);p(2, 2);p(2, 3);p(2, 4);p(2, 5);p(2, 6);p(2, 7);",0,3,9,15,TRUE,0,0,0,"1, 1, 2"
Equal_6vs3_mirror,"(2, 7)",N27677,N34903,"p(6, 3);p(5, 3);p(5, 2);p(4, 2);p(3, 2);p(2, 2);p(2, 3);p(2, 4);p(2, 5);p(2, 6);p(2, 7);",0,3,10,17,TRUE,0,0,0,"1, 1, 2"
Equal_6vs3_mirror,"(2, 7)",N18388,N21423,"p(6, 1);p(5, 1);p(5, 2);p(4, 2);p(3, 2);p(2, 2);p(2, 3);p(2, 4);p(2, 5);p(2, 6);p(2, 7);",0,3,10,17,TRUE,0,0,0,"1, 1, 2"
Equal_6vs3_mirror,"(6, 2)",N86756,N26950,"p(2, 7);p(2, 6);p(2, 5);p(2, 4);p(2, 3);p(2, 2);p(3, 2);p(4, 2);p(5, 2);p(6, 2);",0,2,9,22,TRUE,0,0,0,"2, 2"
Equal_6vs3_mirror,"(6, 3)",N31827,N26950,"p(2, 7);p(2, 6);p(2, 5);p(2, 4);p(2, 3);p(2, 2);p(3, 2);p(4, 2);p(5, 2);p(5, 3);p(6, 3);",0,2,10,23,TRUE,0,0,0,"1, 3"
Equal_6vs3_mirror,"(6, 1)",N97383,N26950,"p(2, 7);p(2, 6);p(2, 5);p(2, 4);p(2, 3);p(2, 2);p(3, 2);p(4, 2);p(5, 2);p(5, 1);p(6, 1);",0,2,10,23,TRUE,0,0,0,"1, 3"
4vs1_mirror,"(2, 4)",N18929,NA,,0,0,0,0,FALSE,0,0,5,
4vs1_mirror,"(0, 4)",N32469,N18929,"p(2, 4);p(1, 4);p(0, 4);",0,1,2,2,FALSE,0,0,4,1
4vs1_mirror,"(2, 1)",N66250,N18929,"p(2, 4);p(2, 3);p(2, 2);p(2, 1);",0,2,3,3,FALSE,0,0,3,"1, 2"
4vs1_mirror,"(2, 1)",N73558,N32469,"p(0, 4);p(1, 4);p(2, 4);p(2, 3);p(2, 2);p(2, 1);",0,2,5,7,FALSE,0,0,2,"1, 2"
4vs1_mirror,"(1, 1)",N14639,N66250,"p(2, 1);p(1, 1);",0,2,1,4,FALSE,0,0,1,"1, 2"
4vs1_mirror,"(0, 4)",N48874,N66250,"p(2, 1);p(2, 2);p(2, 3);p(2, 4);p(1, 4);p(0, 4);",0,1,5,8,FALSE,0,0,2,1
4vs1_mirror,"(1, 1)",N81115,N73558,"p(2, 1);p(1, 1);",0,2,1,8,TRUE,0,0,0,"1, 2"
4vs1_mirror,"(0, 4)",N99452,N14639,"p(1, 1);p(2, 1);p(2, 2);p(2, 3);p(2, 4);p(1, 4);p(0, 4);",0,1,6,10,TRUE,0,0,0,1
4vs1_mirror,"(1, 1)",N62236,N48874,"p(0, 4);p(1, 4);p(2, 4);p(2, 3);p(2, 2);p(2, 1);p(1, 1);",0,2,6,14,TRUE,0,0,0,"1, 2"
3ways_4,"(4, 2)",N10778,NA,,0,0,0,0,FALSE,0,0,8,
3ways_4,"(6, 2)",N17119,N10778,"p(4, 2);p(5, 2);p(6, 2);",0,2,2,2,FALSE,0,0,6,"1, 2"
3ways_4,"(1, 4)",N41301,N10778,"p(4, 2);p(3, 2);p(2, 2);p(1, 2);p(1, 3);p(1, 4);",0,4,5,5,FALSE,0,0,4,"1, 1, 2, 2"
3ways_4,"(1, 0)",N11146,N10778,"p(4, 2);p(3, 2);p(2, 2);p(1, 2);p(1, 1);p(1, 0);",0,2,5,5,FALSE,0,0,6,"1, 2"
3ways_4,"(1, 4)",N92843,N17119,"p(6, 2);p(5, 2);p(4, 2);p(3, 2);p(2, 2);p(1, 2);p(1, 3);p(1, 4);",0,4,7,9,FALSE,0,0,2,"1, 1, 2, 2"
3ways_4,"(1, 0)",N61586,N17119,"p(6, 2);p(5, 2);p(4, 2);p(3, 2);p(2, 2);p(1, 2);p(1, 1);p(1, 0);",0,2,7,9,FALSE,0,0,4,"1, 2"
3ways_4,"(1, 0)",N48312,N41301,"p(1, 4);p(1, 3);p(1, 2);p(1, 1);p(1, 0);",0,2,4,9,FALSE,0,0,2,"1, 2"
3ways_4,"(6, 2)",N52598,N41301,"p(1, 4);p(1, 3);p(1, 2);p(2, 2);p(3, 2);p(4, 2);p(5, 2);p(6, 2);",0,2,7,12,FALSE,0,0,2,"1, 2"
3ways_4,"(1, 4)",N27397,N11146,"p(1, 0);p(1, 1);p(1, 2);p(1, 3);p(1, 4);",0,4,4,9,FALSE,0,0,2,"1, 1, 2, 2"
3ways_4,"(6, 2)",N88526,N11146,"p(1, 0);p(1, 1);p(1, 2);p(2, 2);p(3, 2);p(4, 2);p(5, 2);p(6, 2);",0,2,7,12,FALSE,0,0,4,"1, 2"
3ways_4,"(1, 0)",N59059,N92843,"p(1, 4);p(1, 3);p(1, 2);p(1, 1);p(1, 0);",0,2,4,13,TRUE,0,0,0,"1, 2"
3ways_4,"(1, 4)",N42336,N61586,"p(1, 0);p(1, 1);p(1, 2);p(1, 3);p(1, 4);",0,4,4,13,TRUE,0,0,0,"1, 1, 2, 2"
3ways_4,"(6, 2)",N86003,N48312,"p(1, 0);p(1, 1);p(1, 2);p(2, 2);p(3, 2);p(4, 2);p(5, 2);p(6, 2);",0,2,7,16,TRUE,0,0,0,"1, 2"
3ways_4,"(1, 0)",N74517,N52598,"p(6, 2);p(5, 2);p(4, 2);p(3, 2);p(2, 2);p(1, 2);p(1, 1);p(1, 0);",0,2,7,19,TRUE,0,0,0,"1, 2"
3ways_4,"(6, 2)",N47193,N27397,"p(1, 4);p(1, 3);p(1, 2);p(2, 2);p(3, 2);p(4, 2);p(5, 2);p(6, 2);",0,2,7,16,TRUE,0,0,0,"1, 2"
3ways_4,"(1, 4)",N77308,N88526,"p(6, 2);p(5, 2);p(4, 2);p(3, 2);p(2, 2);p(1, 2);p(1, 3);p(1, 4);",0,4,7,19,TRUE,0,0,0,"1, 1, 2, 2"
Equal_6vs6_mirror,"(2, 4)",N64290,NA,,0,0,0,0,FALSE,0,0,12,
Equal_6vs6_mirror,"(4, 1)",N31979,N64290,"p(2, 4);p(3, 4);p(4, 4);p(4, 3);p(4, 2);p(4, 1);",0,6,5,5,FALSE,0,0,6,"1, 1, 2, 2, 2, 2"
Equal_6vs6_mirror,"(0, 7)",N99197,N64290,"p(2, 4);p(1, 4);p(0, 4);p(0, 5);p(0, 6);p(0, 7);",0,6,5,5,FALSE,0,0,6,"1, 2, 3, 4, 5, 6"
Equal_6vs6_mirror,"(0, 7)",N99436,N31979,"p(4, 1);p(4, 2);p(4, 3);p(4, 4);p(3, 4);p(2, 4);p(1, 4);p(0, 4);p(0, 5);p(0, 6);p(0, 7);",0,6,10,15,TRUE,0,0,0,"1, 2, 3, 4, 5, 6"
Equal_6vs6_mirror,"(4, 1)",N47940,N99197,"p(0, 7);p(0, 6);p(0, 5);p(0, 4);p(1, 4);p(2, 4);p(3, 4);p(4, 4);p(4, 3);p(4, 2);p(4, 1);",0,6,10,15,TRUE,0,0,0,"1, 1, 2, 2, 2, 2"
3ways_1_mirror,"(2, 4)",N57322,NA,,0,0,0,0,FALSE,0,0,11,
3ways_1_mirror,"(0, 4)",N72074,N57322,"p(2, 4);p(1, 4);p(0, 4);",0,1,2,2,FALSE,0,0,10,1
3ways_1_mirror,"(2, 1)",N76155,N57322,"p(2, 4);p(2, 3);p(2, 2);p(2, 1);",0,4,3,3,FALSE,0,0,7,"1, 2, 2, 3"
3ways_1_mirror,"(6, 2)",N49197,N57322,"p(2, 4);p(2, 3);p(2, 2);p(3, 2);p(4, 2);p(5, 2);p(6, 2);",0,6,6,6,FALSE,0,0,5,"1, 1, 2, 2, 2, 3"
3ways_1_mirror,"(2, 1)",N44785,N72074,"p(0, 4);p(1, 4);p(2, 4);p(2, 3);p(2, 2);p(2, 1);",0,4,5,7,FALSE,0,0,6,"1, 2, 2, 3"
3ways_1_mirror,"(6, 2)",N25579,N72074,"p(0, 4);p(1, 4);p(2, 4);p(2, 3);p(2, 2);p(3, 2);p(4, 2);p(5, 2);p(6, 2);",0,6,8,10,FALSE,0,0,4,"1, 1, 2, 2, 2, 3"
3ways_1_mirror,"(6, 2)",N71411,N76155,"p(2, 1);p(2, 2);p(3, 2);p(4, 2);p(5, 2);p(6, 2);",0,6,5,8,FALSE,0,0,1,"1, 1, 2, 2, 2, 3"
3ways_1_mirror,"(0, 4)",N50448,N76155,"p(2, 1);p(2, 2);p(2, 3);p(2, 4);p(1, 4);p(0, 4);",0,1,5,8,FALSE,0,0,6,1
3ways_1_mirror,"(2, 1)",N83903,N49197,"p(6, 2);p(5, 2);p(4, 2);p(3, 2);p(2, 2);p(2, 1);",0,4,5,11,FALSE,0,0,1,"1, 2, 2, 3"
3ways_1_mirror,"(0, 4)",N45565,N49197,"p(6, 2);p(5, 2);p(4, 2);p(3, 2);p(2, 2);p(2, 3);p(2, 4);p(1, 4);p(0, 4);",0,1,8,14,FALSE,0,0,4,1
3ways_1_mirror,"(6, 2)",N57019,N44785,"p(2, 1);p(2, 2);p(3, 2);p(4, 2);p(5, 2);p(6, 2);",0,6,5,12,TRUE,0,0,0,"1, 1, 2, 2, 2, 3"
3ways_1_mirror,"(2, 1)",N57875,N25579,"p(6, 2);p(5, 2);p(4, 2);p(3, 2);p(2, 2);p(2, 1);",0,4,5,15,TRUE,0,0,0,"1, 2, 2, 3"
3ways_1_mirror,"(0, 4)",N74976,N71411,"p(6, 2);p(5, 2);p(4, 2);p(3, 2);p(2, 2);p(2, 3);p(2, 4);p(1, 4);p(0, 4);",0,1,8,16,TRUE,0,0,0,1
3ways_1_mirror,"(6, 2)",N63751,N50448,"p(0, 4);p(1, 4);p(2, 4);p(2, 3);p(2, 2);p(3, 2);p(4, 2);p(5, 2);p(6, 2);",0,6,8,16,TRUE,0,0,0,"1, 1, 2, 2, 2, 3"
3ways_1_mirror,"(0, 4)",N49065,N83903,"p(2, 1);p(2, 2);p(2, 3);p(2, 4);p(1, 4);p(0, 4);",0,1,5,16,TRUE,0,0,0,1
3ways_1_mirror,"(2, 1)",N15908,N45565,"p(0, 4);p(1, 4);p(2, 4);p(2, 3);p(2, 2);p(2, 1);",0,4,5,19,TRUE,0,0,0,"1, 2, 2, 3"
6vs1_2,"(4, 6)",N62262,NA,,0,0,0,0,FALSE,0,0,7,
6vs1_2,"(0, 6)",N90683,N62262,"p(4, 6);p(3, 6);p(2, 6);p(1, 6);p(0, 6);",0,1,4,4,FALSE,0,0,6,1
6vs1_2,"(3, 2)",N91944,N62262,"p(4, 6);p(5, 6);p(6, 6);p(6, 5);p(6, 4);p(6, 3);p(6, 2);p(5, 2);p(4, 2);p(3, 2);",0,6,9,9,FALSE,0,0,1,"1, 1, 2, 2, 2, 2"
6vs1_2,"(3, 2)",N22794,N90683,"p(0, 6);p(1, 6);p(2, 6);p(3, 6);p(4, 6);p(5, 6);p(6, 6);p(6, 5);p(6, 4);p(6, 3);p(6, 2);p(5, 2);p(4, 2);p(3, 2);",0,6,13,17,TRUE,0,0,0,"1, 1, 2, 2, 2, 2"
6vs1_2,"(0, 6)",N34908,N91944,"p(3, 2);p(4, 2);p(5, 2);p(6, 2);p(6, 3);p(6, 4);p(6, 5);p(6, 6);p(5, 6);p(4, 6);p(3, 6);p(2, 6);p(1, 6);p(0, 6);",0,1,13,22,TRUE,0,0,0,1
6vs2_mirror,"(5, 1)",N16794,NA,,0,0,0,0,FALSE,0,0,8,
6vs2_mirror,"(5, 3)",N20889,N16794,"p(5, 1);p(5, 2);p(5, 3);",0,2,2,2,FALSE,0,0,6,"1, 2"
6vs2_mirror,"(1, 1)",N45925,N16794,"p(5, 1);p(4, 1);p(3, 1);p(2, 1);p(1, 1);",0,6,4,4,FALSE,0,0,2,"1, 1, 2, 2, 2, 3"
6vs2_mirror,"(1, 1)",N35771,N20889,"p(5, 3);p(5, 2);p(5, 1);p(4, 1);p(3, 1);p(2, 1);p(1, 1);",0,6,6,8,TRUE,0,0,0,"1, 1, 2, 2, 2, 3"
6vs2_mirror,"(5, 3)",N11271,N45925,"p(1, 1);p(2, 1);p(3, 1);p(4, 1);p(5, 1);p(5, 2);p(5, 3);",0,2,6,10,TRUE,0,0,0,"1, 2"
3ways_1,"(5, 4)",N44644,NA,,0,0,0,0,FALSE,0,0,11,
3ways_1,"(7, 4)",N15176,N44644,"p(5, 4);p(6, 4);p(7, 4);",0,1,2,2,FALSE,0,0,10,1
3ways_1,"(5, 1)",N68923,N44644,"p(5, 4);p(5, 3);p(5, 2);p(5, 1);",0,4,3,3,FALSE,0,0,7,"1, 2, 2, 3"
3ways_1,"(1, 2)",N92191,N44644,"p(5, 4);p(5, 3);p(5, 2);p(4, 2);p(3, 2);p(2, 2);p(1, 2);",0,6,6,6,FALSE,0,0,5,"1, 1, 2, 2, 2, 3"
3ways_1,"(5, 1)",N26876,N15176,"p(7, 4);p(6, 4);p(5, 4);p(5, 3);p(5, 2);p(5, 1);",0,4,5,7,FALSE,0,0,6,"1, 2, 2, 3"
3ways_1,"(1, 2)",N42091,N15176,"p(7, 4);p(6, 4);p(5, 4);p(5, 3);p(5, 2);p(4, 2);p(3, 2);p(2, 2);p(1, 2);",0,6,8,10,FALSE,0,0,4,"1, 1, 2, 2, 2, 3"
3ways_1,"(1, 2)",N10165,N68923,"p(5, 1);p(5, 2);p(4, 2);p(3, 2);p(2, 2);p(1, 2);",0,6,5,8,FALSE,0,0,1,"1, 1, 2, 2, 2, 3"
3ways_1,"(7, 4)",N96619,N68923,"p(5, 1);p(5, 2);p(5, 3);p(5, 4);p(6, 4);p(7, 4);",0,1,5,8,FALSE,0,0,6,1
3ways_1,"(5, 1)",N16867,N92191,"p(1, 2);p(2, 2);p(3, 2);p(4, 2);p(5, 2);p(5, 1);",0,4,5,11,FALSE,0,0,1,"1, 2, 2, 3"
3ways_1,"(7, 4)",N77234,N92191,"p(1, 2);p(2, 2);p(3, 2);p(4, 2);p(5, 2);p(5, 3);p(5, 4);p(6, 4);p(7, 4);",0,1,8,14,FALSE,0,0,4,1
3ways_1,"(1, 2)",N92489,N26876,"p(5, 1);p(5, 2);p(4, 2);p(3, 2);p(2, 2);p(1, 2);",0,6,5,12,TRUE,0,0,0,"1, 1, 2, 2, 2, 3"
3ways_1,"(5, 1)",N65726,N42091,"p(1, 2);p(2, 2);p(3, 2);p(4, 2);p(5, 2);p(5, 1);",0,4,5,15,TRUE,0,0,0,"1, 2, 2, 3"
3ways_1,"(7, 4)",N89434,N10165,"p(1, 2);p(2, 2);p(3, 2);p(4, 2);p(5, 2);p(5, 3);p(5, 4);p(6, 4);p(7, 4);",0,1,8,16,TRUE,0,0,0,1
3ways_1,"(1, 2)",N89564,N96619,"p(7, 4);p(6, 4);p(5, 4);p(5, 3);p(5, 2);p(4, 2);p(3, 2);p(2, 2);p(1, 2);",0,6,8,16,TRUE,0,0,0,"1, 1, 2, 2, 2, 3"
3ways_1,"(7, 4)",N58630,N16867,"p(5, 1);p(5, 2);p(5, 3);p(5, 4);p(6, 4);p(7, 4);",0,1,5,16,TRUE,0,0,0,1
3ways_1,"(5, 1)",N60908,N77234,"p(7, 4);p(6, 4);p(5, 4);p(5, 3);p(5, 2);p(5, 1);",0,4,5,19,TRUE,0,0,0,"1, 2, 2, 3"
Equal_8vs8,"(6, 3)",N26136,NA,,0,0,0,0,FALSE,0,0,17,
Equal_8vs8,"(9, 5)",N77859,N26136,"p(6, 3);p(7, 3);p(8, 3);p(9, 3);p(9, 4);p(9, 5);",0,9,5,5,FALSE,0,0,8,"1, 2, 3, 4, 5, 6, 7, 8, 9"
Equal_8vs8,"(3, 1)",N23128,N26136,"p(6, 3);p(5, 3);p(4, 3);p(3, 3);p(3, 2);p(3, 1);",0,8,5,5,FALSE,0,0,9,"1, 1, 2, 2, 2, 2, 3, 3"
Equal_8vs8,"(3, 1)",N99535,N77859,"p(9, 5);p(9, 4);p(9, 3);p(8, 3);p(7, 3);p(6, 3);p(5, 3);p(4, 3);p(3, 3);p(3, 2);p(3, 1);",0,8,10,15,TRUE,0,0,0,"1, 1, 2, 2, 2, 2, 3, 3"
Equal_8vs8,"(9, 5)",N58709,N23128,"p(3, 1);p(3, 2);p(3, 3);p(4, 3);p(5, 3);p(6, 3);p(7, 3);p(8, 3);p(9, 3);p(9, 4);p(9, 5);",0,9,10,15,TRUE,0,0,0,"1, 2, 3, 4, 5, 6, 7, 8, 9"
3ways_3,"(2, 4)",N69030,NA,,0,0,0,0,FALSE,0,0,9,
3ways_3,"(2, 6)",N79809,N69030,"p(2, 4);p(2, 5);p(2, 6);",0,2,2,2,FALSE,0,0,7,"1, 2"
3ways_3,"(4, 1)",N26625,N69030,"p(2, 4);p(2, 3);p(2, 2);p(2, 1);p(3, 1);p(4, 1);",0,4,5,5,FALSE,0,0,5,"1, 1, 2, 2"
3ways_3,"(0, 1)",N65156,N69030,"p(2, 4);p(2, 3);p(2, 2);p(2, 1);p(1, 1);p(0, 1);",0,2,5,5,FALSE,0,0,7,"1, 2"
3ways_3,"(0, 6)",N41261,N79809,"p(2, 6);p(1, 6);p(0, 6);",0,1,2,4,FALSE,0,0,6,1
3ways_3,"(4, 1)",N53132,N79809,"p(2, 6);p(2, 5);p(2, 4);p(2, 3);p(2, 2);p(2, 1);p(3, 1);p(4, 1);",0,4,7,9,FALSE,0,0,3,"1, 1, 2, 2"
3ways_3,"(0, 1)",N50019,N79809,"p(2, 6);p(2, 5);p(2, 4);p(2, 3);p(2, 2);p(2, 1);p(1, 1);p(0, 1);",0,2,7,9,FALSE,0,0,5,"1, 2"
3ways_3,"(0, 1)",N92857,N26625,"p(4, 1);p(3, 1);p(2, 1);p(1, 1);p(0, 1);",0,2,4,9,FALSE,0,0,3,"1, 2"
3ways_3,"(2, 6)",N43317,N26625,"p(4, 1);p(3, 1);p(2, 1);p(2, 2);p(2, 3);p(2, 4);p(2, 5);p(2, 6);",0,2,7,12,FALSE,0,0,3,"1, 2"
3ways_3,"(4, 1)",N54494,N65156,"p(0, 1);p(1, 1);p(2, 1);p(3, 1);p(4, 1);",0,4,4,9,FALSE,0,0,3,"1, 1, 2, 2"
3ways_3,"(2, 6)",N64651,N65156,"p(0, 1);p(1, 1);p(2, 1);p(2, 2);p(2, 3);p(2, 4);p(2, 5);p(2, 6);",0,2,7,12,FALSE,0,0,5,"1, 2"
3ways_3,"(4, 1)",N40424,N41261,"p(0, 6);p(1, 6);p(2, 6);p(2, 5);p(2, 4);p(2, 3);p(2, 2);p(2, 1);p(3, 1);p(4, 1);",0,4,9,13,FALSE,0,0,2,"1, 1, 2, 2"
3ways_3,"(0, 1)",N12394,N41261,"p(0, 6);p(1, 6);p(2, 6);p(2, 5);p(2, 4);p(2, 3);p(2, 2);p(2, 1);p(1, 1);p(0, 1);",0,2,9,13,FALSE,0,0,4,"1, 2"
3ways_3,"(0, 1)",N51943,N53132,"p(4, 1);p(3, 1);p(2, 1);p(1, 1);p(0, 1);",0,2,4,13,FALSE,0,0,1,"1, 2"
3ways_3,"(0, 6)",N97783,N53132,"p(4, 1);p(3, 1);p(2, 1);p(2, 2);p(2, 3);p(2, 4);p(2, 5);p(2, 6);p(1, 6);p(0, 6);",0,1,9,18,FALSE,0,0,2,1
3ways_3,"(4, 1)",N91451,N50019,"p(0, 1);p(1, 1);p(2, 1);p(3, 1);p(4, 1);",0,4,4,13,FALSE,0,0,1,"1, 1, 2, 2"
3ways_3,"(0, 6)",N34800,N50019,"p(0, 1);p(1, 1);p(2, 1);p(2, 2);p(2, 3);p(2, 4);p(2, 5);p(2, 6);p(1, 6);p(0, 6);",0,1,9,18,FALSE,0,0,4,1
3ways_3,"(2, 6)",N74865,N92857,"p(0, 1);p(1, 1);p(2, 1);p(2, 2);p(2, 3);p(2, 4);p(2, 5);p(2, 6);",0,2,7,16,FALSE,0,0,1,"1, 2"
3ways_3,"(0, 6)",N12802,N43317,"p(2, 6);p(1, 6);p(0, 6);",0,1,2,14,FALSE,0,0,2,1
3ways_3,"(0, 1)",N97603,N43317,"p(2, 6);p(2, 5);p(2, 4);p(2, 3);p(2, 2);p(2, 1);p(1, 1);p(0, 1);",0,2,7,19,FALSE,0,0,1,"1, 2"
3ways_3,"(2, 6)",N66943,N54494,"p(4, 1);p(3, 1);p(2, 1);p(2, 2);p(2, 3);p(2, 4);p(2, 5);p(2, 6);",0,2,7,16,FALSE,0,0,1,"1, 2"
3ways_3,"(0, 6)",N77862,N64651,"p(2, 6);p(1, 6);p(0, 6);",0,1,2,14,FALSE,0,0,4,1
3ways_3,"(4, 1)",N42432,N64651,"p(2, 6);p(2, 5);p(2, 4);p(2, 3);p(2, 2);p(2, 1);p(3, 1);p(4, 1);",0,4,7,19,FALSE,0,0,1,"1, 1, 2, 2"
3ways_3,"(0, 1)",N70343,N40424,"p(4, 1);p(3, 1);p(2, 1);p(1, 1);p(0, 1);",0,2,4,17,TRUE,0,0,0,"1, 2"
3ways_3,"(4, 1)",N44732,N12394,"p(0, 1);p(1, 1);p(2, 1);p(3, 1);p(4, 1);",0,4,4,17,TRUE,0,0,0,"1, 1, 2, 2"
3ways_3,"(0, 6)",N13264,N51943,"p(0, 1);p(1, 1);p(2, 1);p(2, 2);p(2, 3);p(2, 4);p(2, 5);p(2, 6);p(1, 6);p(0, 6);",0,1,9,22,TRUE,0,0,0,1
3ways_3,"(0, 1)",N69920,N97783,"p(0, 6);p(1, 6);p(2, 6);p(2, 5);p(2, 4);p(2, 3);p(2, 2);p(2, 1);p(1, 1);p(0, 1);",0,2,9,27,TRUE,0,0,0,"1, 2"
3ways_3,"(0, 6)",N81835,N91451,"p(4, 1);p(3, 1);p(2, 1);p(2, 2);p(2, 3);p(2, 4);p(2, 5);p(2, 6);p(1, 6);p(0, 6);",0,1,9,22,TRUE,0,0,0,1
3ways_3,"(4, 1)",N52271,N34800,"p(0, 6);p(1, 6);p(2, 6);p(2, 5);p(2, 4);p(2, 3);p(2, 2);p(2, 1);p(3, 1);p(4, 1);",0,4,9,27,TRUE,0,0,0,"1, 1, 2, 2"
3ways_3,"(0, 6)",N22073,N74865,"p(2, 6);p(1, 6);p(0, 6);",0,1,2,18,TRUE,0,0,0,1
3ways_3,"(0, 1)",N56059,N12802,"p(0, 6);p(1, 6);p(2, 6);p(2, 5);p(2, 4);p(2, 3);p(2, 2);p(2, 1);p(1, 1);p(0, 1);",0,2,9,23,TRUE,0,0,0,"1, 2"
3ways_3,"(0, 6)",N76380,N97603,"p(0, 1);p(1, 1);p(2, 1);p(2, 2);p(2, 3);p(2, 4);p(2, 5);p(2, 6);p(1, 6);p(0, 6);",0,1,9,28,TRUE,0,0,0,1
3ways_3,"(0, 6)",N92053,N66943,"p(2, 6);p(1, 6);p(0, 6);",0,1,2,18,TRUE,0,0,0,1
3ways_3,"(4, 1)",N67440,N77862,"p(0, 6);p(1, 6);p(2, 6);p(2, 5);p(2, 4);p(2, 3);p(2, 2);p(2, 1);p(3, 1);p(4, 1);",0,4,9,23,TRUE,0,0,0,"1, 1, 2, 2"
3ways_3,"(0, 6)",N71842,N42432,"p(4, 1);p(3, 1);p(2, 1);p(2, 2);p(2, 3);p(2, 4);p(2, 5);p(2, 6);p(1, 6);p(0, 6);",0,1,9,28,TRUE,0,0,0,1
6vs1_1,"(4, 5)",N56747,NA,,0,0,0,0,FALSE,0,0,7,
6vs1_1,"(6, 5)",N56864,N56747,"p(4, 5);p(5, 5);p(6, 5);",0,1,2,2,FALSE,0,0,6,1
6vs1_1,"(3, 1)",N82829,N56747,"p(4, 5);p(3, 5);p(2, 5);p(1, 5);p(0, 5);p(0, 4);p(0, 3);p(0, 2);p(0, 1);p(1, 1);p(2, 1);p(3, 1);",0,6,11,11,FALSE,0,0,1,"1, 1, 2, 2, 2, 3"
6vs1_1,"(3, 1)",N84353,N56864,"p(6, 5);p(5, 5);p(4, 5);p(3, 5);p(2, 5);p(1, 5);p(0, 5);p(0, 4);p(0, 3);p(0, 2);p(0, 1);p(1, 1);p(2, 1);p(3, 1);",0,6,13,15,TRUE,0,0,0,"1, 1, 2, 2, 2, 3"
6vs1_1,"(6, 5)",N58604,N82829,"p(3, 1);p(2, 1);p(1, 1);p(0, 1);p(0, 2);p(0, 3);p(0, 4);p(0, 5);p(1, 5);p(2, 5);p(3, 5);p(4, 5);p(5, 5);p(6, 5);",0,1,13,24,TRUE,0,0,0,1
3ways_2,"(2, 6)",N90891,NA,,0,0,0,0,FALSE,0,0,7,
3ways_2,"(0, 6)",N81595,N90891,"p(2, 6);p(1, 6);p(0, 6);",0,1,2,2,FALSE,0,0,6,1
3ways_2,"(4, 1)",N13245,N90891,"p(2, 6);p(2, 5);p(2, 4);p(2, 3);p(2, 2);p(2, 1);p(3, 1);p(4, 1);",0,4,7,7,FALSE,0,0,3,"1, 1, 2, 2"
3ways_2,"(0, 1)",N77370,N90891,"p(2, 6);p(2, 5);p(2, 4);p(2, 3);p(2, 2);p(2, 1);p(1, 1);p(0, 1);",0,2,7,7,FALSE,0,0,5,"1, 2"
3ways_2,"(4, 1)",N87576,N81595,"p(0, 6);p(1, 6);p(2, 6);p(2, 5);p(2, 4);p(2, 3);p(2, 2);p(2, 1);p(3, 1);p(4, 1);",0,4,9,11,FALSE,0,0,2,"1, 1, 2, 2"
3ways_2,"(0, 1)",N48010,N81595,"p(0, 6);p(1, 6);p(2, 6);p(2, 5);p(2, 4);p(2, 3);p(2, 2);p(2, 1);p(1, 1);p(0, 1);",0,2,9,11,FALSE,0,0,4,"1, 2"
3ways_2,"(0, 1)",N32928,N13245,"p(4, 1);p(3, 1);p(2, 1);p(1, 1);p(0, 1);",0,2,4,11,FALSE,0,0,1,"1, 2"
3ways_2,"(0, 6)",N91031,N13245,"p(4, 1);p(3, 1);p(2, 1);p(2, 2);p(2, 3);p(2, 4);p(2, 5);p(2, 6);p(1, 6);p(0, 6);",0,1,9,16,FALSE,0,0,2,1
3ways_2,"(4, 1)",N51166,N77370,"p(0, 1);p(1, 1);p(2, 1);p(3, 1);p(4, 1);",0,4,4,11,FALSE,0,0,1,"1, 1, 2, 2"
3ways_2,"(0, 6)",N92423,N77370,"p(0, 1);p(1, 1);p(2, 1);p(2, 2);p(2, 3);p(2, 4);p(2, 5);p(2, 6);p(1, 6);p(0, 6);",0,1,9,16,FALSE,0,0,4,1
3ways_2,"(0, 1)",N97607,N87576,"p(4, 1);p(3, 1);p(2, 1);p(1, 1);p(0, 1);",0,2,4,15,TRUE,0,0,0,"1, 2"
3ways_2,"(4, 1)",N80152,N48010,"p(0, 1);p(1, 1);p(2, 1);p(3, 1);p(4, 1);",0,4,4,15,TRUE,0,0,0,"1, 1, 2, 2"
3ways_2,"(0, 6)",N86754,N32928,"p(0, 1);p(1, 1);p(2, 1);p(2, 2);p(2, 3);p(2, 4);p(2, 5);p(2, 6);p(1, 6);p(0, 6);",0,1,9,20,TRUE,0,0,0,1
3ways_2,"(0, 1)",N39529,N91031,"p(0, 6);p(1, 6);p(2, 6);p(2, 5);p(2, 4);p(2, 3);p(2, 2);p(2, 1);p(1, 1);p(0, 1);",0,2,9,25,TRUE,0,0,0,"1, 2"
3ways_2,"(0, 6)",N91330,N51166,"p(4, 1);p(3, 1);p(2, 1);p(2, 2);p(2, 3);p(2, 4);p(2, 5);p(2, 6);p(1, 6);p(0, 6);",0,1,9,20,TRUE,0,0,0,1
3ways_2,"(4, 1)",N16979,N92423,"p(0, 6);p(1, 6);p(2, 6);p(2, 5);p(2, 4);p(2, 3);p(2, 2);p(2, 1);p(3, 1);p(4, 1);",0,4,9,25,TRUE,0,0,0,"1, 1, 2, 2"
6vs1_1_mirror,"(2, 5)",N32131,NA,,0,0,0,0,FALSE,0,0,7,
6vs1_1_mirror,"(0, 5)",N97498,N32131,"p(2, 5);p(1, 5);p(0, 5);",0,1,2,2,FALSE,0,0,6,1
6vs1_1_mirror,"(3, 1)",N72305,N32131,"p(2, 5);p(3, 5);p(4, 5);p(5, 5);p(6, 5);p(6, 4);p(6, 3);p(6, 2);p(6, 1);p(5, 1);p(4, 1);p(3, 1);",0,6,11,11,FALSE,0,0,1,"1, 1, 2, 2, 2, 3"
6vs1_1_mirror,"(3, 1)",N57684,N97498,"p(0, 5);p(1, 5);p(2, 5);p(3, 5);p(4, 5);p(5, 5);p(6, 5);p(6, 4);p(6, 3);p(6, 2);p(6, 1);p(5, 1);p(4, 1);p(3, 1);",0,6,13,15,TRUE,0,0,0,"1, 1, 2, 2, 2, 3"
6vs1_1_mirror,"(0, 5)",N91976,N72305,"p(3, 1);p(4, 1);p(5, 1);p(6, 1);p(6, 2);p(6, 3);p(6, 4);p(6, 5);p(5, 5);p(4, 5);p(3, 5);p(2, 5);p(1, 5);p(0, 5);",0,1,13,24,TRUE,0,0,0,1
